время	вниз_Б	вверх_Б	шлюз_мс	тун_pid
09:43:52	76805	14185	2.957	62647
09:43:54	84715	33028	2.842	62647
09:43:55	67555	18707	2.875	62647
09:43:56	74336	14928	2.301	62647
09:44:41	105409	36339	2.851	62647
09:44:42	111828	38532	3.678	62647
09:44:43	140202	55735	2.833	62647
09:44:44	173037	72011	3.428	62647
09:44:46	170147	77019	3.040	62647
09:44:47	147780	38235	2.850	62647
09:44:48	125523	39691	2.799	62647
09:44:49	142458	57944	2.733	62647
09:44:50	135906	28932	2.334	62647
09:44:52	125332	54409	2.998	62647
09:44:53	101047	21634	2.751	62647
09:44:54	146801	40279	3.561	62647
09:44:56	83845	27322	2.798	62647
09:44:57	77690	16465	2.999	62647
09:44:58	180630	105354	3.174	62647
09:44:59	84530	25755	2.417	62647
09:45:01	79548	1086709	5.427	62647
09:45:02	82248	1337571	2.737	62647
09:45:03	81030	16756	3.936	62647
09:45:04	79573	19751	3.350	62647
09:45:05	80143	15932	3.316	62647
09:45:07	80325	15825	3.104	62647
09:45:08	85680	26052	2.782	62647
09:45:09	93855	19567	2.705	62647
09:45:10	94158	16645	2.951	62647
09:45:12	117990	17672	2.921	62647
09:45:13	126213	33142	3.230	62647
09:45:14	93299	47803	3.235	62647
09:45:15	103555	16285	4.173	62647
09:45:16	94910	23133	2.950	62647
09:45:18	62479	22835	2.852	62647
09:45:19	75548	20919	2.794	62647
09:45:20	62105	17973	2.540	62647
09:45:21	77824	19390	2.317	62647
09:45:22	83902	19540	2.346	62647
09:45:24	87825	20311	2.800	62647
09:45:25	81382	18631	2.948	62647
09:45:26	79072	35552	3.182	62647
09:45:27	86570	20219	3.101	62647
09:45:29	76825	21197	2.641	62647
09:45:30	91692	24110	3.609	62647
09:45:31	97794	22080	2.737	62647
09:45:32	100978	21853	2.815	62647
09:45:34	113637	22207	2.781	62647
09:45:35	116716	21506	3.134	62647
09:45:36	118267	21899	141.003	62647
09:45:38	138371	78687	2.885	62647
09:45:39	142059	2377581	2.480	62647
09:45:40	117470	21539	2.982	62647
09:45:41	121251	21010	2.333	62647
09:45:42	123966	225599	2.440	62647
09:45:44	114054	23479	2.622	62647
09:45:45	101326	19476	2.711	62647
09:45:46	106779	19899	3.076	62647
09:45:47	120023	122630	2.812	62647
09:45:49	114391	2370282	3.214	62647
09:45:50	73183	14752	3.414	62647
09:45:51	79686	69097	3.329	62647
09:45:52	78946	18618	2.428	62647
09:45:53	75055	18786	3.629	62647
09:45:55	67522	16470	2.821	62647
09:45:56	62570	18366	3.358	62647
09:45:57	80716	18148	2.617	62647
09:45:58	64513	17097	2.726	62647
09:45:59	78612	19534	3.216	62647
09:46:00	65839	23936	2.550	62647
09:46:02	90761	224680	3.059	62647
09:46:03	73811	16753	3.288	62647
09:46:04	108711	27492	2.620	62647
09:46:05	124670	149537	2.446	62647
09:46:06	122221	2307996	2.293	62647
09:46:08	88035	17427	3.649	62647
09:46:09	74934	16589	2.706	62647
09:46:10	88841	18885	3.501	62647
09:46:11	85561	17793	2.786	62647
09:46:12	104162	26527	2.811	62647
09:46:14	91414	17827	3.325	62647
09:46:15	77901	15119	2.594	62647
09:46:16	76548	62199	4.322	62647
09:46:17	72372	35103	2.832	62647
09:46:19	112892	32359	2.780	62647
09:46:20	112299	235305	2.910	62647
09:46:21	87309	17708	2.850	62647
09:46:22	121086	28471	2.729	62647
09:46:24	168740	2456014	3.989	62647
09:46:25	91327	17463	3.262	62647
09:46:26	83526	16879	2.920	62647
09:46:27	76677	15839	3.528	62647
09:46:28	66156	17228	2.923	62647
09:46:30	64085	16964	3.166	62647
09:46:31	66915	21545	2.895	62647
09:46:32	42363	33848	2.642	62647
09:46:33	62252	45677	2.648	62647
09:46:34	70519	15115	3.238	62647
09:46:36	99822	21129	4.155	62647
09:46:37	106716	107865	2.746	62647
09:46:38	113265	144548	2.505	62647
09:46:39	102464	24999	2.917	62647
09:46:41	119305	29907	2.208	62647
09:46:42	161166	2476798	2.478	62647
09:46:43	117617	21284	2.767	62647
09:46:45	98124	37845	2.859	62647
09:46:46	187145	34226	2.859	62647
09:46:47	143472	30957	2.653	62647
09:46:48	80877	39870	2.810	62647
09:46:50	69469	14984	2.656	62647
09:46:51	79013	43579	16.193	62647
09:46:52	83900	17330	2.500	62647
09:46:53	68883	15687	2.411	62647
09:46:54	92018	16518	2.529	62647
09:46:56	86100	16813	2.341	62647
09:46:57	97670	17242	3.506	62647
09:46:58	117387	30989	3.223	62647
09:46:59	176715	70167	2.999	62647
09:47:00	131371	88790	3.414	62647
09:47:02	114622	164168	3.544	62647
09:47:03	104277	56851	2.888	62647
09:47:04	116541	18641	3.245	62647
09:47:05	116917	18289	2.354	62647
09:47:06	115262	19885	3.130	62647
09:47:08	110754	17047	2.668	62647
09:47:09	109916	16313	2.758	62647
09:47:10	92888	15848	3.180	62647
09:47:11	105859	16363	3.423	62647
09:47:12	98032	15608	2.403	62647
09:47:13	77527	14632	3.177	62647
09:47:15	85045	29152	2.819	62647
09:47:16	109754	23061	2.928	62647
09:47:17	64853	20245	3.113	62647
09:47:18	98	7849	2.923	62647
09:47:20	98	4679	3.954	62647
09:47:21	98	1892	3.206	62647
09:47:22	98	2034	3.282	62647
09:47:23	98	4114	3.387	62647
09:47:24	98	1790	3.758	62647
09:47:26	98	1754	2.985	62647
09:47:27	232	4906	3.024	62647
09:47:28	98	2153	3.455	62647
09:47:29	3124	2443	2.702	62647
09:47:31	2393	5705	2.930	62647
09:47:32	57263	65391	3.100	62647
09:47:33	88422	671453	3.178	62647
09:47:34	18568	1839525	2.568	62647
09:47:36	121768	3836	3.287	62647
09:47:37	552355	8174	3.681	62647
09:47:38	258423	4256	3.413	62647
09:47:39	2567	890	3.342	62647
09:47:40	2890	956	2.741	62647
09:47:41	134275	108942	3.259	62647
09:47:42	41333	28421	3.226	62647
09:47:44	12242	7784	3.448	62647
09:47:45	3589	1724	3.355	62647
09:47:46	3236	2354	3.453	62647
09:47:47	4233	18271	3.352	62647
09:47:48	3454	1605	3.563	62647
09:47:50	32726	23769	2.729	62647
09:47:51	68857	21153	2.881	62647
09:47:52	117936	29564	2.565	62647
09:47:53	118012	29393	2.802	62647
09:47:54	120992	29546	10.423	62647
09:47:56	51776	10698	3.691	62647
09:47:57	6543	9042	3.015	62647
09:47:58	3615	3602	4.224	62647
09:48:00	17432	26908	2.889	62647
09:48:01	6440	16079	8.702	62647
09:48:03	6233	17027	3.343	62647
09:48:04	7140	16127	3.083	62647
09:48:05	6238	14465	2.675	62647
09:48:06	5775	15202	31.790	62647
09:48:08	7638	18113	2.774	62647
09:48:09	7082	17525	2.888	62647
09:48:10	6602	17456	2.838	62647
09:48:11	10892	67075	2.717	62647
09:48:12	31475	2386737	2.833	62647
09:48:13	7336	14949	10.030	62647
09:48:15	9604	16847	2.886	62647
09:48:16	7649	11408	3.278	62647
09:48:17	88516	227009	2.569	62647
09:48:18	359612	16398	2.488	62647
09:48:19	95107	1388212	2.626	62647
09:48:20	97410	1115424	3.151	62647
09:48:21	79847	13749	2.771	62647
09:48:22	56013	13406	2.117	62647
09:48:24	66333	14307	3.048	62647
09:48:25	62172	64631	3.245	62647
09:48:26	48891	14871	3.590	62647
09:48:27	75821	15593	2.841	62647
09:48:28	64155	16201	3.066	62647
09:48:30	85140	17843	2.750	62647
09:48:31	115631	27862	2.827	62647
09:48:32	93833	221669	3.306	62647
09:48:33	104730	16330	3.085	62647
09:48:35	112556	29308	3.286	62647
09:48:36	127615	539792	42.445	62647
09:48:37	138568	1936316	2.907	62647
09:48:39	119810	17178	3.351	62647
09:48:40	118447	48810	3.120	62647
09:48:41	120315	16955	3.511	62647
09:48:43	80332	13937	2.404	62647
09:48:44	85745	16753	4.371	62647
09:48:45	74321	51983	2.838	62647
09:48:47	91207	37632	3.011	62647
09:48:48	88255	224850	2.543	62647
09:48:49	79646	19367	2.846	62647
09:48:50	78093	24465	3.210	62647
09:48:51	102655	2456494	2.760	62647
09:48:53	74388	16424	2.781	62647
09:48:54	78208	16819	2.696	62647
09:48:55	50795	15722	2.837	62647
09:48:56	62934	14622	3.096	62647
09:48:57	75364	16692	2.765	62647
09:48:58	74244	19947	2.739	62647
09:49:00	123207	52622	3.134	62647
09:49:01	114152	45140	3.248	62647
09:49:02	119461	21772	2.672	62647
09:49:03	111056	20742	4.198	62647
09:49:05	111334	19856	3.029	62647
09:49:06	121260	21444	2.724	62647
09:49:07	111337	20079	3.731	62647
09:49:08	111684	20962	2.738	62647
09:49:09	75813	16399	3.094	62647
09:49:10	76887	31811	2.859	62647
09:49:12	66762	17281	3.360	62647
09:49:13	72224	17061	2.324	62647
09:49:14	73813	14463	2.772	62647
09:49:15	54958	18033	2.888	62647
09:49:16	52448	19937	2.797	62647
09:49:18	61129	23022	3.548	62647
09:49:19	57751	22024	2.830	62647
09:49:20	43564	18449	2.721	62647
09:49:21	60939	22534	2.942	62647
09:49:23	70189	23576	4.674	62647
09:49:24	47672	17033	2.603	62647
09:49:25	71649	70880	3.073	62647
09:49:26	45905	178927	2.936	62647
09:49:28	53677	16268	3.067	62647
09:49:29	52658	33636	3.003	62647
09:49:30	66344	2504896	3.263	62647
09:49:31	39697	14947	2.923	62647
09:49:33	60182	17639	3.416	62647
09:49:34	46282	13298	2.715	62647
09:49:35	47338	14798	3.375	62647
09:49:36	45192	14187	2.302	62647
09:49:38	62981	18548	2.353	62647
09:49:39	68704	15406	3.108	62647
09:49:40	65327	43658	2.834	62647
09:49:41	67297	26747	2.318	62647
09:49:42	57178	18528	2.571	62647
09:49:44	51590	17732	2.249	62647
09:49:45	54178	15268	3.034	62647
09:49:46	46452	15336	3.009	62647
09:49:47	46946	15157	2.935	62647
09:49:48	39815	15787	3.556	62647
09:49:50	71845	26499	2.904	62647
09:49:51	52246	16115	2.661	62647
09:49:52	61725	13397	2.918	62647
09:49:54	53517	16176	2.886	62647
09:49:55	68461	40732	2.793	62647
09:49:56	67806	14315	2.926	62647
09:49:57	52075	14812	3.393	62647
09:49:59	40013	21044	2.801	62647
09:50:00	41325	13958	2.388	62647
09:50:01	37225	14460	3.481	62647
09:50:02	39440	12869	2.596	62647
09:50:03	50588	12679	2.941	62647
09:50:05	50831	12933	2.745	62647
09:50:06	64987	13070	2.852	62647
09:50:07	72655	21199	2.381	62647
09:50:08	110791	2522479	3.960	62647
09:50:10	92963	16652	2.863	62647
09:50:11	76661	15066	2.807	62647
09:50:12	82652	24274	2.383	62647
09:50:13	90911	28805	2.402	62647
09:50:15	69660	31167	2.288	62647
09:50:16	83365	32729	2.849	62647
09:50:17	85238	21821	2.364	62647
09:50:18	69104	29760	2.976	62647
09:50:19	57239	27834	2.626	62647
09:50:21	69088	29208	2.320	62647
09:50:22	54408	52934	2.805	62647
09:50:23	49473	31463	2.445	62647
09:50:24	65093	222433	3.146	62647
09:50:26	55318	16887	2.749	62647
09:50:27	62165	981301	3.908	62647
09:50:28	114968	1580060	3.179	62647
09:50:29	61508	16720	3.370	62647
09:50:31	58577	14750	2.770	62647
09:50:32	39586	15883	3.265	62647
09:50:33	66754	13417	4.327	62647
09:50:34	83590	16506	2.712	62647
09:50:35	68026	20105	3.253	62647
09:50:37	111538	71586	3.408	62647
09:50:38	73253	16249	3.199	62647
09:50:39	68376	18606	3.089	62647
09:50:40	65100	17935	2.406	62647
09:50:41	75970	18331	3.812	62647
09:50:43	60770	17764	3.172	62647
09:50:44	43705	18357	3.412	62647
09:50:46	67905	33681	2.569	62647
09:50:47	84633	236910	2.502	62647
09:50:48	66544	25286	2.616	62647
09:50:49	72406	29646	3.256	62647
09:50:50	108062	2519394	2.819	62647
09:50:52	44174	16194	2.959	62647
09:50:53	46321	14206	3.131	62647
09:50:54	54909	19368	2.756	62647
09:50:55	65783	17844	2.770	62647
09:50:56	81319	15992	3.083	62647
09:50:58	88217	17855	3.652	62647
09:50:59	43843	19184	2.548	62647
09:51:00	96629	81592	4.132	62647
09:51:01	45346	16240	3.037	62647
09:51:03	56419	16449	3.178	62647
09:51:04	83436	24028	2.296	62647
09:51:05	52589	16833	3.827	62647
09:51:07	47817	15766	2.838	62647
09:51:08	54482	14829	2.812	62647
09:51:09	59005	14475	3.011	62647
09:51:10	55029	18094	2.904	62647
09:51:11	81720	28506	2.912	62647
09:51:13	60302	217870	2.828	62647
09:51:14	47723	19285	2.503	62647
09:51:15	42998	37053	3.279	62647
09:51:16	72588	20015	3.189	62647
09:51:17	68658	20328	3.292	62647
09:51:19	100509	29312	2.684	62647
09:51:20	99811	21914	2.880	62647
09:51:21	109893	21506	2.947	62647
09:51:22	116972	29080	3.010	62647
09:51:23	89489	18273	2.759	62647
09:51:25	78317	17152	3.063	62647
09:51:26	65131	34534	3.262	62647
09:51:27	77142	14715	2.714	62647
09:51:28	71751	15676	3.056	62647
09:51:29	83979	18394	2.655	62647
09:51:30	59012	17276	3.822	62647
09:51:32	57167	18135	2.531	62647
09:51:33	94650	20169	3.222	62647
09:51:34	91409	17603	3.278	62647
09:51:35	78352	17976	2.894	62647
09:51:36	96091	19343	2.762	62647
09:51:38	106210	17911	2.577	62647
09:51:39	96891	15742	3.573	62647
09:51:40	104684	21045	2.718	62647
09:51:41	109534	21703	3.516	62647
09:51:42	96706	22315	3.124	62647
09:51:44	85558	18598	3.172	62647
09:51:45	90285	20011	2.820	62647
09:51:46	87585	18632	2.936	62647
09:51:47	93533	25803	3.122	62647
09:51:48	113090	37146	3.173	62647
09:51:50	106586	28113	2.941	62647
09:51:51	91705	19637	2.673	62647
09:51:52	107464	20018	2.769	62647
09:51:53	112990	20768	3.314	62647
09:51:54	112869	20001	3.050	62647
09:51:56	114575	20070	2.623	62647
09:51:57	114658	19064	2.669	62647
09:51:58	111374	14812	3.727	62647
09:51:59	116523	22482	2.346	62647
09:52:00	80319	14291	2.531	62647
09:52:01	110988	15017	2.889	62647
09:52:03	110271	14984	3.355	62647
09:52:04	107960	14867	2.936	62647
09:52:05	35768	11400	2.389	62647
09:52:06	28760	11130	2.782	62647
09:52:07	30037	12052	2.809	62647
09:52:08	32212	11817	2.929	62647
09:52:10	23649	4823	3.361	62647
09:52:11	1626	638	9.733	62647
09:52:12	1731	541	9.382	62647
09:52:13	1038	308	3.377	62647
09:52:14	1399	296	3.480	62647
09:52:16	98	98	10.094	62647
09:52:17	230	260	3.469	62647
09:52:18	1186	7390	3.355	62647
09:52:19	164	152	9.346	62647
09:52:20	7536	8064	2.941	62647
09:52:21	15728	4807	9.398	62647
09:52:22	5633	4663	3.303	62647
09:52:23	24428	3522	9.967	62647
09:52:24	98	98	10.037	62647
09:52:26	164	152	10.752	62647
09:52:27	217	164	10.202	62647
09:52:28	2217	1201	9.428	62647
09:52:29	98	98	9.866	62647
09:52:30	428	368	10.005	62647
09:52:31	296	260	9.953	62647
09:52:33	4963	4669	3.388	62647
09:52:34	712	452	3.331	62647
09:52:35	446	206	3.332	62647
09:52:36	542	614	3.327	62647
09:52:37	399	337	9.316	62647
09:52:38	451	402	9.558	62647
09:52:39	399	510	10.250	62647
09:52:41	267	164	10.414	62647
09:52:42	524	585	3.125	62647
09:52:43	714	720	11.352	62647
09:52:44	1076	633	3.045	62647
09:52:45	164	270	3.471	62647
09:52:46	1531	1442	3.288	62647
09:52:48	1431	8860	3.252	62647
09:52:49	2239	942	9.448	62647
09:52:50	266	164	9.645	62647
09:52:51	217	242	2.601	62647
09:52:52	4674	3201	10.196	62647
09:52:53	548	590	3.139	62647
09:52:54	374	452	2.896	62647
09:52:56	320	260	3.587	62647
09:52:57	1042	964	9.334	62647
09:52:58	1233	1289	2.393	62647
09:52:59	1421	1333	2.724	62647
09:53:00	4400	4125	11.357	62647
09:53:01	271	164	9.984	62647
09:53:03	98	98	9.984	62647
09:53:04	217	164	9.814	62647
09:53:05	1792	7247	2.784	62647
09:53:06	18489	5756	2.897	62647
09:53:07	705	752	9.928	62647
09:53:08	98	98	10.185	62647
09:53:10	98	98	10.147	62647
09:53:11	98	98	9.945	62647
09:53:12	98	98	9.974	62647
09:53:13	164	152	9.432	62647
09:53:14	242	344	8.910	62647
09:53:15	320	260	9.508	62647
09:53:17	6534	5107	3.018	62647
09:53:18	8807	6876	2.793	62647
09:53:19	5923	11328	4.354	62647
09:53:20	440	456	3.650	62647
09:53:21	503	218	3.505	62647
09:53:22	5187	3879	9.433	62647
09:53:23	98	98	10.028	62647
09:53:25	98	98	9.941	62647
09:53:26	242	344	3.277	62647
09:53:27	320	260	3.433	62647
09:53:28	98	98	9.785	62647
09:53:29	446	480	3.024	62647
09:53:30	98	98	10.100	62647
09:53:32	266	164	9.096	62647
09:53:33	315	262	9.622	62647
09:53:34	98	98	9.446	62647
09:53:35	98	98	9.991	62647
09:53:37	232	98	9.927	62647
09:53:38	98	98	9.970	62647
09:53:39	98	98	9.989	62647
09:53:40	596	614	3.131	62647
09:53:41	98	98	9.041	62647
09:53:42	98	98	9.947	62647
09:53:43	98	98	10.221	62647
09:53:45	217	164	8.888	62647
09:53:46	164	152	10.004	62647
09:53:47	98	98	9.487	62647
09:53:48	98	98	7.196	62647
09:53:49	1452	7675	3.210	62647
09:53:50	986	1022	9.976	62647
09:53:52	230	260	3.060	62647
09:53:53	5328	3596	3.354	62647
09:53:54	98	98	10.020	62647
09:53:55	98	98	9.975	62647
09:53:56	164	218	9.772	62647
09:53:57	320	344	9.635	62647
09:53:58	373	428	3.484	62647
09:54:00	641	543	10.069	62647
09:54:01	743	414	10.051	62647
09:54:02	98	98	10.048	62647
09:54:03	98	98	9.937	62647
09:54:04	98	98	9.195	62647
09:54:06	196	196	9.660	62647
09:54:07	164	152	9.717	62647
09:54:08	98	98	10.055	62647
09:54:09	98	98	10.336	62647
09:54:10	98	98	9.780	62647
09:54:11	98	98	11.267	62647
09:54:13	217	164	10.316	62647
09:54:14	218	164	3.892	62647
09:54:15	164	152	9.994	62647
09:54:16	98	98	2.879	62647
09:54:17	743	415	9.955	62647
09:54:18	98	98	9.984	62647
09:54:19	987	7127	10.138	62647
09:54:21	98	240	3.419	62647
09:54:22	907	512	9.107	62647
09:54:23	5121	3747	3.382	62647
09:54:24	670	164	9.703	62647
09:54:25	98	98	9.871	62647
09:54:26	217	164	3.441	62647
09:54:28	320	344	9.571	62647
09:54:29	254	206	10.514	62647
09:54:30	314	306	10.564	62647
09:54:31	164	152	9.636	62647
09:54:32	98	98	9.891	62647
09:54:33	266	164	9.479	62647
09:54:35	98	98	10.024	62647
09:54:36	152	164	10.049	62647
09:54:37	230	260	3.041	62647
09:54:38	907	513	9.971	62647
09:54:39	164	218	10.070	62647
09:54:40	98	98	11.010	62647
09:54:42	385	230	9.941	62647
09:54:43	98	98	10.495	62647
09:54:44	98	98	9.883	62647
09:54:45	98	98	10.031	62647
09:54:46	98	98	10.107	62647
09:54:47	98	98	10.116	62647
09:54:49	98	98	10.139	62647
09:54:50	362	6611	3.358	62647
09:54:51	723	164	2.919	62647
09:54:52	8717	924	9.539	62647
09:54:53	98	98	9.960	62647
09:54:54	270	2357	3.217	62647
09:54:56	5174	1316	9.975	62647
09:54:57	98	98	9.996	62647
09:54:58	1032	1064	3.877	62647
09:54:59	1891	1193	9.322	62647
09:55:00	164	152	9.867	62647
09:55:01	98	98	9.973	62647
09:55:03	4505	3658	2.751	62647
09:55:04	21976	15247	3.277	62647
09:55:05	634	164	9.848	62647
09:55:06	386	590	3.301	62647
09:55:07	256	164	11.857	62647
09:55:08	542	368	9.928	62647
09:55:10	217	164	2.887	62647
09:55:11	1207	1005	3.296	62647
09:55:12	842	1052	10.724	62647
09:55:13	1028	914	7.938	62647
09:55:15	98	98	8.206	62647
09:55:16	18213	13012	3.481	62647
09:55:17	12167	50374	2.297	62647
09:55:18	9825	340163	2.759	62647
09:55:19	13717	705077	3.715	62647
09:55:21	13418	922612	2.701	62647
09:55:22	7688	477708	3.045	62647
09:55:23	559	230	10.038	62647
09:55:24	2852	296	9.701	62647
09:55:25	318	242	3.429	62647
09:55:26	210	164	3.651	62647
09:55:28	2358	394	3.005	62647
09:55:29	2959	1730	2.576	62647
09:55:30	13620	19630	2.524	62647
09:55:31	2330	1352	2.808	62647
09:55:33	2479	1418	4.158	62647
09:55:34	2385	1352	2.286	62647
09:55:35	2496	1405	2.529	62647
09:55:36	12030	10058	2.827	62647
09:55:37	9901	209940	3.526	62647
09:55:38	98	98	10.737	62647
09:55:40	7186	5861	10.828	62647
09:55:41	13599	61147	3.086	62647
09:55:42	36148	2421457	9.747	62647
09:55:43	98	98	9.469	62647
09:55:44	4172	1064	10.032	62647
09:55:46	98	98	11.011	62647
09:55:47	312	242	10.736	62647
09:55:48	208	164	10.012	62647
09:55:49	3337	548	2.644	62647
09:55:50	806	28997	2.552	62647
09:55:52	1026	362	9.940	62647
09:55:53	419	14159	3.470	62647
09:55:54	1318	230	10.928	62647
09:55:55	448	230	9.457	62647
09:55:56	10383	10890	2.870	62647
09:55:58	11938	210251	3.072	62647
09:55:59	216	164	9.683	62647
09:56:00	2692	1674	2.887	62647
09:56:01	12148	13574	2.680	62647
09:56:02	13939	1132617	4.530	62647
09:56:03	20990	1387780	9.631	62647
09:56:05	98	98	11.176	62647
09:56:06	6677	1916	2.888	62647
09:56:07	2521	1871	3.884	62647
09:56:08	6245	57819	3.620	62647
09:56:09	41912	2488386	9.416	62647
09:56:10	314	306	9.461	62647
09:56:12	5061	55214	7.841	62647
09:56:13	276	164	9.994	62647
09:56:14	322	242	3.315	62647
09:56:15	202	164	3.015	62647
09:56:16	98	98	11.512	62647
09:56:18	2980	394	2.868	62647
09:56:19	1475	612	3.736	62647
09:56:20	262	164	9.734	62647
09:56:21	637	296	9.857	62647
09:56:22	356	218	6.163	62647
09:56:23	564	372	10.647	62647
09:56:24	834	296	3.070	62647
09:56:26	736	22531	2.692	62647
09:56:27	1472	230	9.178	62647
09:56:28	539	230	4.814	62647
09:56:29	292	164	10.887	62647
09:56:30	464	230	9.939	62647
09:56:31	437	164	10.878	62647
09:56:32	555	350	9.541	62647
09:56:34	5745	6321	2.442	62647
09:56:35	16113	212777	2.974	62647
09:56:36	164	98	10.512	62647
09:56:37	3944	3482	4.267	62647
09:56:38	16848	13113	3.290	62647
09:56:39	30656	2501251	3.302	62647
09:56:41	6944	1616	2.966	62647
09:56:42	657	164	2.876	62647
09:56:43	4744	1346	3.369	62647
09:56:44	2806	1550	2.726	62647
09:56:45	2363	1286	2.786	62647
09:56:47	2777	1538	4.263	62647
09:56:48	2568	1418	3.059	62647
09:56:49	3456	30208	3.726	62647
09:56:50	2865	2706	3.242	62647
09:56:51	428	386	3.315	62647
09:56:53	743	415	9.812	62647
09:56:54	266	164	10.343	62647
09:56:55	98	98	9.603	62647
09:56:56	98	98	10.038	62647
09:56:57	98	98	9.995	62647
09:56:59	98	98	10.055	62647
09:57:00	217	164	10.175	62647
09:57:01	743	414	9.685	62647
09:57:02	98	98	9.704	62647
09:57:03	1317	16881	3.342	62647
09:57:04	98	98	9.455	62647
09:57:06	843	6534	3.653	62647
09:57:07	164	152	3.719	62647
09:57:08	841	512	9.525	62647
09:57:09	98	98	10.403	62647
09:57:10	6654	58684	3.409	62647
09:57:11	35354	2472938	3.247	62647
09:57:12	217	164	9.535	62647
09:57:14	2807	230	9.420	62647
09:57:15	1678	3903	3.294	62647
09:57:16	13565	212835	3.280	62647
09:57:17	4716	3770	3.495	62647
09:57:18	14457	195192	3.274	62647
09:57:19	37197	2341699	2.992	62647
09:57:20	3042	242	3.412	62647
09:57:22	431	230	9.757	62647
09:57:23	205	164	9.575	62647
09:57:24	2757	51590	3.242	62647
09:57:25	5566	1418	2.725	62647
09:57:26	2558	1484	3.529	62647
09:57:27	2013	1220	2.852	62647
09:57:29	4654	2012	3.277	62647
09:57:30	4282	1911	3.386	62647
09:57:31	3124	1848	3.644	62647
09:57:32	2938	1550	2.344	62647
09:57:33	2616	1484	3.451	62647
09:57:34	2444	1418	3.348	62647
09:57:36	2302	1352	3.004	62647
09:57:37	4031	1696	2.830	62647
09:57:38	122485	92589	2.857	62647
09:57:39	3907	22342	3.439	62647
09:57:40	48477	14185	2.784	62647
09:57:41	162384	43743	2.668	62647
09:57:43	76883	15258	3.229	62647
09:57:44	6051	7425	2.807	62647
09:57:45	4540	7610	2.671	62647
09:57:46	7788	19037	2.756	62647
09:57:48	6942	18074	3.154	62647
09:57:49	6248	18314	4.099	62647
09:57:50	7248	17764	2.539	62647
09:57:51	7456	17338	2.650	62647
09:57:52	25361	11449	2.292	62647
09:57:53	12970	10934	3.121	62647
09:57:54	14537	12285	2.850	62647
09:57:55	13586	11868	14.278	62647
09:57:57	13443	13768	2.724	62647
09:57:58	24975	21387	2.633	62647
09:57:59	21095	221884	3.695	62647
09:58:00	11340	11484	3.148	62647
09:58:01	18894	18776	2.877	62647
09:58:02	28522	22208	3.267	62647
09:58:04	156963	3140458	2.765	62647
09:58:05	65223	11622	3.073	62647
09:58:06	16919	12016	2.733	62647
09:58:07	13233	10748	3.566	62647
09:58:08	13218	12391	3.552	62647
09:58:10	12757	11890	2.308	62647
09:58:11	13807	13020	3.554	62647
09:58:12	13897	40031	2.876	62647
09:58:13	12692	11879	3.125	62647
09:58:15	22303	17766	2.891	62647
09:58:16	25530	231373	3.213	62647
09:58:17	17197	14909	3.970	62647
09:58:19	15433	13675	3.284	62647
09:58:20	14507	12767	2.710	62647
09:58:21	12117	12297	2.862	62647
09:58:22	13468	11607	3.132	62647
09:58:23	19308	15772	2.579	62647
09:58:24	16135	13484	3.047	62647
09:58:26	13329	11479	2.995	62647
09:58:27	13999	34707	3.058	62647
09:58:28	12424	11650	2.708	62647
09:58:29	14069	29068	3.089	62647
09:58:30	12895	11443	2.872	62647
09:58:32	12162	12010	2.802	62647
09:58:33	38534	13607	3.170	62647
09:58:34	13764	13315	2.749	62647
09:58:35	13894	13714	3.241	62647
09:58:36	14102	13806	2.630	62647
09:58:38	13403	12604	2.669	62647
09:58:39	14285	13023	2.616	62647
09:58:40	17474	12048	2.328	62647
09:58:41	12446	13051	4.071	62647
09:58:42	12085	11960	2.598	62647
09:58:44	12812	13389	2.881	62647
09:58:45	12400	12334	3.313	62647
09:58:46	12172	12008	3.047	62647
09:58:47	12761	12280	3.198	62647
09:58:49	13218	12405	3.267	62647
09:58:50	15147	14736	2.753	62647
09:58:52	12813	12258	3.144	62647
09:58:54	27386	12307	3.150	62647
09:58:55	17776	13323	3.153	62647
09:58:57	27605	23352	2.874	62647
09:58:58	13254	19932	2.981	62647
09:58:59	23589	15954	3.307	62647
09:59:00	13554	11732	2.432	62647
09:59:02	12320	11883	2.777	62647
09:59:03	11565	10884	4.196	62647
09:59:04	12429	12372	2.873	62647
09:59:05	12698	11593	3.186	62647
09:59:06	15006	13036	2.761	62647
09:59:08	12132	11780	2.633	62647
09:59:09	12696	11741	3.127	62647
09:59:10	15064	14359	2.734	62647
09:59:11	14584	14285	2.792	62647
09:59:12	12122	11538	2.958	62647
09:59:13	11497	11633	2.113	62647
09:59:14	11615	11686	3.387	62647
09:59:16	14735	14509	2.977	62647
09:59:17	17480	15783	2.741	62647
09:59:18	16279	15563	2.843	62647
09:59:19	34642	16015	3.147	62647
09:59:20	39374	13135	3.230	62647
09:59:22	13133	7044	3.297	62647
09:59:23	14673	11737	2.427	62647
09:59:24	13368	11531	3.018	62647
09:59:25	12378	12552	3.360	62647
09:59:27	13366	13090	3.460	62647
09:59:28	15040	20170	3.826	62647
09:59:29	12824	12514	3.448	62647
09:59:31	12294	12135	3.004	62647
09:59:32	12142	12638	2.882	62647
09:59:33	12205	12130	3.588	62647
09:59:34	12129	12121	2.555	62647
09:59:36	12959	13885	2.966	62647
09:59:37	12207	12002	2.883	62647
09:59:38	34113	34621	3.043	62647
09:59:39	79384	64247	3.283	62647
09:59:40	38389	27260	3.048	62647
09:59:42	11894	11998	3.606	62647
09:59:43	13604	12832	4.278	62647
09:59:44	12507	12169	2.693	62647
09:59:45	14325	11805	2.289	62647
09:59:47	12205	12156	2.570	62647
09:59:48	12366	11848	3.250	62647
09:59:49	16995	12071	3.702	62647
09:59:50	83202	14979	2.957	62647
09:59:52	11912	11680	3.414	62647
09:59:53	12007	11170	3.287	62647
09:59:54	12469	12051	3.002	62647
09:59:55	13136	12743	3.016	62647
09:59:56	12688	14550	2.710	62647
09:59:58	16691	14498	2.962	62647
09:59:59	15775	20861	2.451	62647
10:00:00	12113	11869	2.751	62647
10:00:01	12522	12381	2.807	62647
10:00:03	11802	11790	3.330	62647
10:00:04	12160	11868	3.275	62647
10:00:05	11666	11758	2.366	62647
10:00:06	105497	11302	2.769	62647
10:00:07	73610	8566	3.401	62647
10:00:09	62766	17542	2.842	62647
10:00:10	24595	25129	2.792	62647
10:00:11	22380	12668	2.689	62647
10:00:12	23354	11540	2.998	62647
10:00:13	22318	14548	2.800	62647
10:00:15	22002	15544	4.578	62647
10:00:16	24532	14861	2.837	62647
10:00:17	22164	13769	3.571	62647
10:00:18	22768	16293	2.970	62647
10:00:20	23284	12915	3.330	62647
10:00:21	25315	13957	2.736	62647
10:00:22	23798	13867	2.753	62647
10:00:23	24721	12357	3.401	62647
10:00:24	22539	12424	2.991	62647
10:00:26	20273	10843	4.677	62647
10:00:27	20884	11749	2.695	62647
10:00:28	21579	12187	3.363	62647
10:00:29	21661	18834	3.254	62647
10:00:30	23223	12100	3.382	62647
10:00:32	23051	12474	2.873	62647
10:00:33	25901	15904	3.331	62647
10:00:34	23682	14311	3.083	62647
10:00:35	33579	17964	3.142	62647
10:00:36	23929	17472	3.718	62647
10:00:38	23292	15095	3.201	62647
10:00:39	32500	18372	2.736	62647
10:00:40	24064	17949	4.204	62647
10:00:41	33944	12950	2.967	62647
10:00:43	23539	13791	2.659	62647
10:00:44	30805	17276	3.015	62647
10:00:45	32471	17533	3.541	62647
10:00:46	35073	26477	3.320	62647
10:00:48	30609	34931	3.182	62647
10:00:49	58841	2569639	3.142	62647
10:00:50	22913	14981	2.882	62647
10:00:51	27710	14724	2.571	62647
10:00:53	27417	13045	2.393	62647
10:00:54	24374	14904	2.939	62647
10:00:55	23812	16056	2.621	62647
10:00:56	22907	15704	4.020	62647
10:00:57	22880	14678	2.363	62647
10:00:59	22136	14715	2.637	62647
10:01:00	23512	27771	2.962	62647
10:01:01	30568	30601	2.788	62647
10:01:02	22794	14722	2.290	62647
10:01:03	21340	11965	2.961	62647
10:01:05	21476	12629	3.863	62647
10:01:06	22342	15591	2.854	62647
10:01:07	23032	17918	3.405	62647
10:01:08	21519	12775	3.205	62647
10:01:09	28039	17715	3.030	62647
10:01:11	22263	12864	2.739	62647
10:01:12	24594	17182	4.623	62647
10:01:13	21040	13154	3.049	62647
10:01:14	26172	3058	5.895	62647
10:01:15	30379	7514	2.628	62647
10:01:16	25247	12631	3.064	62647
10:01:17	40106	22904	2.669	62647
10:01:19	43221	238469	2.366	62647
10:01:20	23999	14308	2.663	62647
10:01:21	26355	14638	2.910	62647
10:01:22	24241	14257	2.869	62647
10:01:23	24417	16171	3.845	62647
10:01:25	32543	13120	3.413	62647
10:01:26	27333	14053	6.446	62647
10:01:27	23739	12707	2.965	62647
10:01:28	24990	13308	3.378	62647
10:01:30	22275	16117	2.791	62647
10:01:31	30739	19988	2.902	62647
10:01:32	26174	19890	2.565	62647
10:01:33	31133	34593	2.820	62647
10:01:35	31552	18020	2.769	62647
10:01:36	48400	18444	3.231	62647
10:01:37	35244	17227	2.728	62647
10:01:38	52264	34392	3.723	62647
10:01:40	92451	66706	3.882	62647
10:01:41	71767	37189	2.931	62647
10:01:42	38497	15160	2.920	62647
10:01:43	31933	14753	3.749	62647
10:01:45	33648	13185	2.986	62647
10:01:46	41966	20608	2.846	62647
10:01:47	35414	25115	3.174	62647
10:01:48	41470	22159	3.075	62647
10:01:50	47856	25167	2.634	62647
10:01:51	34933	27804	2.733	62647
10:01:52	45635	18618	2.491	62647
10:01:53	35003	18713	3.022	62647
10:01:55	44723	17678	2.875	62647
10:01:56	46021	17856	2.479	62647
10:01:57	38946	18889	2.359	62647
10:01:58	35139	17769	2.389	62647
10:01:59	40965	17856	2.784	62647
10:02:01	42162	18668	3.183	62647
10:02:02	67083	16173	3.031	62647
10:02:03	50629	17302	2.744	62647
10:02:04	52834	13677	3.222	62647
10:02:06	50884	17284	3.212	62647
10:02:07	53634	17337	3.503	62647
10:02:08	58101	18080	2.942	62647
10:02:09	52747	14737	2.797	62647
10:02:10	56034	17218	2.449	62647
10:02:12	55257	16048	2.801	62647
10:02:13	58224	16819	3.054	62647
10:02:14	50437	16507	3.054	62647
10:02:15	51219	15974	2.781	62647
10:02:17	60244	18142	4.020	62647
10:02:18	66310	26030	3.260	62647
10:02:19	55709	16848	2.710	62647
10:02:20	58739	16789	3.241	62647
10:02:22	65833	18226	2.831	62647
10:02:23	52125	17262	3.978	62647
10:02:24	60379	16014	3.149	62647
10:02:25	59434	17277	2.784	62647
10:02:26	64336	20059	4.151	62647
10:02:28	77865	22137	2.902	62647
10:02:29	52942	15033	2.845	62647
10:02:30	54108	15286	3.257	62647
10:02:31	54496	16323	3.146	62647
10:02:33	52346	17728	3.546	62647
10:02:34	56525	17230	3.188	62647
10:02:35	51607	18240	2.862	62647
10:02:36	82765	17195	2.804	62647
10:02:38	67243	18999	2.823	62647
10:02:39	50875	17968	3.028	62647
10:02:40	60257	18092	2.901	62647
10:02:41	57261	15074	4.955	62647
10:02:42	58377	16502	3.413	62647
10:02:44	61102	16620	3.406	62647
10:02:45	55886	15487	3.732	62647
10:02:46	55573	15480	3.487	62647
10:02:47	70448	17665	3.383	62647
10:02:48	62216	24247	2.984	62647
10:02:50	51455	14873	2.855	62647
10:02:51	61552	15582	3.045	62647
10:02:52	64214	15337	2.414	62647
10:02:53	52953	17272	2.749	62647
10:02:54	48985	13468	3.017	62647
10:02:56	55930	12585	3.519	62647
10:02:57	53896	15657	3.141	62647
10:02:58	47102	14031	3.033	62647
10:02:59	74280	16025	2.850	62647
10:03:01	65327	17962	3.760	62647
10:03:02	55856	15461	2.794	62647
10:03:03	65800	13891	2.420	62647
10:03:04	72149	19032	3.345	62647
10:03:06	64747	16299	3.012	62647
10:03:07	69433	15507	2.368	62647
10:03:08	57420	17256	4.333	62647
10:03:09	74589	17965	2.928	62647
10:03:10	70251	18865	3.095	62647
10:03:12	63626	16378	3.483	62647
10:03:13	71913	13451	3.176	62647
10:03:14	67017	16345	2.858	62647
10:03:15	64696	17136	2.763	62647
10:03:17	65692	21278	2.791	62647
10:03:18	73193	33355	3.002	62647
10:03:19	72805	33060	2.609	62647
10:03:20	73532	41864	3.442	62647
10:03:21	72473	2573574	2.836	62647
10:03:23	56000	16212	3.538	62647
10:03:24	69764	20491	2.956	62647
10:03:25	49773	17322	2.666	62647
10:03:26	73414	233269	2.757	62647
10:03:27	55535	17470	2.978	62647
10:03:29	57155	21438	2.847	62647
10:03:30	86903	2553111	2.508	62647
10:03:31	55002	16405	3.295	62647
10:03:32	62875	16274	2.955	62647
10:03:33	72275	20528	2.408	62647
10:03:35	91293	60238	2.607	62647
10:03:36	88525	18756	2.926	62647
10:03:37	84898	19343	3.269	62647
10:03:38	70869	18388	2.683	62647
10:03:39	127144	57708	2.734	62647
10:03:41	115116	61092	3.103	62647
10:03:42	69424	23445	3.540	62647
10:03:43	63366	17758	3.365	62647
10:03:45	66218	17530	3.210	62647
10:03:46	88870	22599	2.626	62647
10:03:47	62402	18519	2.841	62647
10:03:48	71633	17734	3.181	62647
10:03:50	74645	39040	4.462	62647
10:03:51	76831	20486	3.097	62647
10:03:52	98624	21703	2.773	62647
10:03:53	73216	18093	2.575	62647
10:03:54	84823	18587	2.918	62647
10:03:56	76629	18082	3.566	62647
10:03:57	77214	23638	2.852	62647
10:03:58	78407	16506	3.413	62647
10:03:59	71297	16888	2.775	62647
10:04:00	67916	17475	2.468	62647
10:04:02	82078	18557	3.827	62647
10:04:03	87940	24137	2.810	62647
10:04:05	68931	16357	3.841	62647
10:04:06	67859	15128	2.879	62647
10:04:07	71518	15181	3.184	62647
10:04:08	73053	15401	3.416	62647
10:04:09	82635	18690	2.856	62647
10:04:10	87654	19032	2.408	62647
10:04:12	76674	18563	2.770	62647
10:04:13	75635	17234	3.133	62647
10:04:14	66409	17546	2.778	62647
10:04:15	79888	18566	3.184	62647
10:04:16	61993	17901	3.080	62647
10:04:17	72730	18643	3.168	62647
10:04:19	61548	14949	2.784	62647
10:04:20	75078	29649	3.238	62647
10:04:21	71871	22724	3.547	62647
10:04:23	75612	14094	2.886	62647
10:04:24	68782	18037	3.099	62647
10:04:25	64383	16590	3.540	62647
10:04:26	63170	16958	2.806	62647
10:04:27	59081	17107	2.774	62647
10:04:28	56087	17601	2.731	62647
10:04:30	62082	15827	3.163	62647
10:04:31	55245	13448	3.959	62647
10:04:32	64851	15355	3.165	62647
10:04:33	51891	16189	3.165	62647
10:04:34	54132	16067	2.776	62647
10:04:36	64273	17293	2.981	62647
10:04:37	78716	23513	2.792	62647
10:04:38	62651	17286	2.742	62647
10:04:40	57383	16720	2.725	62647
10:04:41	57015	15497	2.640	62647
10:04:42	67598	17818	2.312	62647
10:04:43	56910	17108	2.515	62647
10:04:44	54486	17548	2.757	62647
10:04:45	60895	15946	2.376	62647
10:04:47	62303	17977	2.753	62647
10:04:48	63857	18129	2.858	62647
10:04:49	67170	18125	3.199	62647
10:04:50	63853	17494	3.076	62647
10:04:52	59963	17373	3.325	62647
10:04:53	68373	14759	2.852	62647
10:04:54	94905	17712	3.185	62647
10:04:55	99004	18884	2.844	62647
10:04:56	83317	16572	3.036	62647
10:04:58	70564	15685	2.766	62647
10:04:59	74724	15251	2.853	62647
10:05:00	83868	18004	3.633	62647
10:05:01	63325	15288	3.258	62647
10:05:02	87867	21258	3.473	62647
10:05:04	54554	215857	2.850	62647
10:05:05	76374	500192	4.361	62647
10:05:06	72777	749206	4.481	62647
10:05:07	82271	1005889	2.634	62647
10:05:08	88984	203147	2.463	62647
10:05:10	74373	16525	2.728	62647
10:05:11	89694	21183	2.372	62647
10:05:12	71769	227439	2.649	62647
10:05:13	69135	19418	2.402	62647
10:05:15	66051	269828	2.478	62647
10:05:16	114438	2407240	2.754	62647
10:05:17	77633	16843	3.078	62647
10:05:18	65847	17072	2.922	62647
10:05:20	69707	16440	5.130	62647
10:05:21	56308	13643	3.077	62647
10:05:22	64490	24029	2.518	62647
10:05:23	63992	227378	2.882	62647
10:05:24	75508	15883	2.829	62647
10:05:26	65383	21621	2.892	62647
10:05:27	74188	23530	3.030	62647
10:05:28	97657	2615653	3.006	62647
10:05:29	54088	13989	2.698	62647
10:05:31	59570	17172	3.217	62647
10:05:32	52965	46235	2.775	62647
10:05:33	79587	50281	2.719	62647
10:05:34	74519	18102	2.804	62647
10:05:35	81284	17264	3.156	62647
10:05:36	76341	17283	2.448	62647
10:05:38	67919	16464	2.959	62647
10:05:39	72558	24203	2.523	62647
10:05:40	129873	52648	2.815	62647
10:05:41	133171	53058	2.713	62647
10:05:42	79050	21772	3.347	62647
10:05:44	77251	32185	3.015	62647
10:05:45	72756	224507	3.405	62647
10:05:46	67849	19115	2.802	62647
10:05:47	73414	17856	2.819	62647
10:05:48	65481	15924	4.073	62647
10:05:49	84868	18991	2.955	62647
10:05:51	87811	17714	3.041	62647
10:05:52	88259	15911	2.880	62647
10:05:53	74568	18011	3.352	62647
10:05:54	71125	15970	3.229	62647
10:05:55	74519	24079	2.900	62647
10:05:57	89823	19596	3.836	62647
10:05:58	55466	32291	3.110	62647
10:05:59	56758	15369	2.839	62647
10:06:00	73530	17585	3.582	62647
10:06:02	70264	17412	2.683	62647
10:06:03	89825	28521	3.497	62647
10:06:04	72373	15802	2.586	62647
10:06:05	71090	16987	2.694	62647
10:06:06	78671	17980	2.853	62647
10:06:08	73627	13341	2.852	62647
10:06:09	65620	14681	2.766	62647
10:06:10	70670	16851	2.666	62647
10:06:11	79890	19886	3.081	62647
10:06:12	83472	18898	2.685	62647
10:06:14	64260	18526	3.617	62647
10:06:15	78802	17565	2.836	62647
10:06:16	68357	17462	3.484	62647
10:06:17	73606	17529	2.838	62647
10:06:18	79574	18613	2.946	62647
10:06:20	81499	16951	3.734	62647
10:06:21	68051	19069	3.033	62647
10:06:22	69281	18404	2.690	62647
10:06:23	75169	17889	4.401	62647
10:06:24	73575	18316	3.150	62647
10:06:25	69435	18876	2.889	62647
10:06:27	66354	18783	3.427	62647
10:06:28	67523	15451	2.871	62647
10:06:29	85935	19549	2.686	62647
10:06:30	65649	17957	3.355	62647
10:06:31	59909	18006	3.477	62647
10:06:33	65037	20930	3.369	62647
10:06:34	77846	16000	2.381	62647
10:06:35	71084	15065	3.360	62647
10:06:36	80370	14400	2.582	62647
10:06:37	75243	14579	3.020	62647
10:06:39	68665	16395	2.271	62647
10:06:40	58638	17223	2.536	62647
10:06:41	57347	15564	3.758	62647
10:06:42	47733	17807	3.144	62647
10:06:43	73556	18490	2.783	62647
10:06:45	63521	15597	2.750	62647
10:06:46	58673	16610	4.463	62647
10:06:47	57291	16534	3.227	62647
10:06:48	57428	17759	3.183	62647
10:06:49	47156	17545	2.850	62647
10:06:51	85343	18655	2.592	62647
10:06:52	71710	17849	3.096	62647
10:06:53	63896	19067	2.888	62647
10:06:54	60962	15789	3.179	62647
10:06:56	67697	16937	2.765	62647
10:06:57	65691	14354	2.533	62647
10:06:58	57090	20208	2.423	62647
10:06:59	54244	14308	3.316	62647
10:07:00	51798	17632	3.026	62647
10:07:02	45572	14652	2.658	62647
10:07:03	43818	20886	2.770	62647
10:07:04	58132	18943	2.995	62647
10:07:05	51847	18032	3.102	62647
10:07:06	62043	18376	2.840	62647
10:07:08	56952	17375	3.477	62647
10:07:09	58900	15744	2.558	62647
10:07:10	78380	20681	2.836	62647
10:07:11	55347	16025	2.925	62647
10:07:13	56547	16913	3.319	62647
10:07:14	81337	19248	3.319	62647
10:07:15	63425	17759	3.395	62647
10:07:16	90170	21632	3.547	62647
10:07:17	57417	19200	3.219	62647
10:07:19	74739	24338	3.770	62647
10:07:20	76758	18175	3.148	62647
10:07:21	73883	16583	3.910	62647
10:07:22	61163	14887	3.429	62647
10:07:23	62060	17384	2.597	62647
10:07:25	76794	18403	2.406	62647
10:07:26	77433	17977	2.858	62647
10:07:27	62607	13622	3.480	62647
10:07:28	59502	16718	2.937	62647
10:07:29	55714	16587	2.818	62647
10:07:31	52364	15870	5.154	62647
10:07:32	59219	17349	2.926	62647
10:07:33	50853	14979	3.574	62647
10:07:34	48672	19536	2.600	62647
10:07:35	70493	14888	2.389	62647
10:07:37	69007	16315	3.020	62647
10:07:38	69042	13824	2.348	62647
10:07:39	59174	19932	2.343	62647
10:07:40	106300	54039	3.561	62647
10:07:41	127484	59839	2.518	62647
10:07:43	90533	21683	2.538	62647
10:07:44	74691	21619	3.105	62647
10:07:45	58041	17469	3.283	62647
10:07:46	61866	16312	2.866	62647
10:07:47	52105	16246	3.316	62647
10:07:49	52770	18567	3.478	62647
10:07:50	57113	17833	3.645	62647
10:07:51	64126	17212	3.920	62647
10:07:52	83245	17879	3.117	62647
10:07:53	72916	16090	2.427	62647
10:07:55	69170	15549	3.916	62647
10:07:56	70617	16985	3.092	62647
10:07:57	71644	16193	2.536	62647
10:07:58	60374	13414	4.183	62647
10:08:00	65317	14622	3.110	62647
10:08:01	87291	21994	2.870	62647
10:08:02	69158	15073	2.930	62647
10:08:03	50972	15332	16.493	62647
10:08:05	62087	23365	3.157	62647
10:08:06	65463	17754	3.051	62647
10:08:07	74481	18002	3.391	62647
10:08:08	86174	15501	3.089	62647
10:08:09	58888	16529	2.762	62647
10:08:11	65018	17569	2.926	62647
10:08:12	79913	17760	3.082	62647
10:08:13	73362	16729	2.992	62647
10:08:14	71585	17190	3.877	62647
10:08:15	79637	15049	2.607	62647
10:08:17	69551	17230	2.915	62647
10:08:18	71843	19376	2.177	62647
10:08:19	81702	17512	2.824	62647
10:08:20	83925	18497	3.243	62647
10:08:21	80599	17549	3.080	62647
10:08:23	66225	18367	2.887	62647
10:08:24	74838	18435	2.936	62647
10:08:25	73619	17427	3.109	62647
10:08:26	94854	17230	2.821	62647
10:08:27	71576	18468	2.749	62647
10:08:29	64563	18396	3.384	62647
10:08:30	63538	18394	2.708	62647
10:08:31	81202	21730	2.513	62647
10:08:32	84784	20898	2.907	62647
10:08:34	65222	17756	2.937	62647
10:08:35	84465	27953	3.211	62647
10:08:36	83506	18117	2.864	62647
10:08:37	69941	17397	2.986	62647
10:08:38	91719	18576	2.761	62647
10:08:40	70070	13676	2.727	62647
10:08:41	74880	17622	2.845	62647
10:08:42	77002	16319	2.810	62647
10:08:43	55686	17008	2.802	62647
10:08:45	65261	17899	3.907	62647
10:08:46	82984	18961	2.693	62647
10:08:47	68694	17608	3.274	62647
10:08:48	76895	17588	3.397	62647
10:08:49	65658	17403	2.562	62647
10:08:51	55554	17722	3.600	62647
10:08:52	79177	18587	3.046	62647
10:08:53	72707	18888	2.818	62647
10:08:54	61941	17828	2.469	62647
10:08:55	74293	18296	3.911	62647
10:08:57	60842	17708	3.530	62647
10:08:58	60139	18172	2.342	62647
10:08:59	66273	17169	2.279	62647
10:09:00	55822	17436	2.651	62647
10:09:01	64620	18219	2.640	62647
10:09:03	52587	13387	2.933	62647
10:09:04	52359	12441	2.916	62647
10:09:05	57276	20941	3.008	62647
10:09:06	62212	12433	3.164	62647
10:09:07	60943	12574	2.334	62647
10:09:09	56565	13826	2.905	62647
10:09:10	48206	12373	2.542	62647
10:09:11	47074	12568	2.381	62647
10:09:12	45839	12574	3.337	62647
10:09:13	48770	11958	3.215	62647
10:09:15	48638	12904	2.940	62647
10:09:16	48312	16100	2.781	62647
10:09:17	76294	18100	2.669	62647
10:09:18	76251	19165	2.964	62647
10:09:19	61541	18241	54.706	62647
10:09:21	75584	14241	2.750	62647
10:09:22	61008	13011	3.042	62647
10:09:23	59484	12913	2.684	62647
10:09:24	62332	12852	3.146	62647
10:09:25	53674	13186	3.771	62647
10:09:27	59049	15192	3.156	62647
10:09:28	47020	12918	3.485	62647
10:09:29	42788	12767	2.957	62647
10:09:30	52221	14244	3.375	62647
10:09:31	42853	17048	3.033	62647
10:09:33	59025	17699	2.776	62647
10:09:34	68847	18951	3.334	62647
10:09:35	51377	15738	2.612	62647
10:09:36	72927	22539	2.316	62647
10:09:37	60460	18129	3.126	62647
10:09:39	67024	18042	4.933	62647
10:09:40	91919	39749	2.632	62647
10:09:41	110905	52080	3.020	62647
10:09:42	116812	47006	3.105	62647
10:09:44	66542	19303	3.166	62647
10:09:45	58737	15964	2.920	62647
10:09:46	51997	17106	2.736	62647
10:09:47	71857	16644	2.864	62647
10:09:48	60561	19412	3.210	62647
10:09:50	78634	16911	2.664	62647
10:09:51	83571	15356	2.335	62647
10:09:52	72056	17212	2.359	62647
10:09:53	73879	15154	4.213	62647
10:09:54	73570	18098	3.068	62647
10:09:56	63823	15049	2.463	62647
10:09:57	67114	13203	4.130	62647
10:09:58	84265	23092	2.971	62647
10:10:00	110686	2208151	3.044	62647
10:10:01	80089	427545	3.265	62647
10:10:02	85877	17459	3.716	62647
10:10:03	82863	16598	2.866	62647
10:10:05	65451	18957	2.921	62647
10:10:06	81028	19739	2.998	62647
10:10:07	67092	28671	3.254	62647
10:10:08	62311	16741	4.227	62647
10:10:09	71816	13912	3.526	62647
10:10:11	62348	13051	4.267	62647
10:10:12	66440	13304	3.173	62647
10:10:13	74210	32171	2.677	62647
10:10:14	57718	16194	2.775	62647
10:10:16	66033	14661	2.823	62647
10:10:17	115319	25350	2.801	62647
10:10:18	60723	16655	3.117	62647
10:10:20	55427	16402	2.857	62647
10:10:21	67809	15710	2.560	62647
10:10:22	75898	14070	2.811	62647
10:10:23	74731	25639	2.810	62647
10:10:24	100893	234398	2.825	62647
10:10:25	63975	15427	2.799	62647
10:10:27	77013	25873	2.730	62647
10:10:28	70728	55462	2.773	62647
10:10:29	107829	2588643	2.924	62647
10:10:30	59157	17874	2.920	62647
10:10:32	64432	17172	3.109	62647
10:10:33	82076	19060	2.365	62647
10:10:34	94534	21432	2.906	62647
10:10:35	85379	17021	3.800	62647
10:10:37	105173	19866	3.088	62647
10:10:38	70783	45955	3.141	62647
10:10:39	62361	29364	2.613	62647
10:10:40	64335	13384	3.066	62647
10:10:41	60771	16032	2.759	62647
10:10:43	75877	15611	2.934	62647
10:10:44	80372	15451	2.838	62647
10:10:45	61885	17415	3.039	62647
10:10:46	82826	18291	2.814	62647
10:10:48	61033	17019	3.303	62647
10:10:49	72076	17637	3.547	62647
10:10:50	62009	15068	2.940	62647
10:10:51	55343	15594	3.003	62647
10:10:52	56806	15250	2.913	62647
10:10:54	60681	13077	3.237	62647
10:10:55	86121	14008	2.807	62647
10:10:56	88313	24019	3.288	62647
10:10:57	79546	18433	3.003	62647
10:10:59	72249	17823	3.092	62647
10:11:00	70835	17428	2.346	62647
10:11:01	74968	18529	3.183	62647
10:11:02	62954	18398	2.844	62647
10:11:03	57097	15658	2.825	62647
10:11:05	55858	16926	2.909	62647
10:11:06	73799	16486	3.195	62647
10:11:07	74311	21722	3.054	62647
10:11:08	88138	619399	2.934	62647
10:11:10	106759	958617	2.504	62647
10:11:11	97857	1055664	2.117	62647
10:11:12	89816	31527	3.209	62647
10:11:13	98847	18533	2.795	62647
10:11:14	85032	18896	3.649	62647
10:11:16	76856	43733	2.702	62647
10:11:17	77438	214754	2.877	62647
10:11:18	73056	20446	2.982	62647
10:11:19	103460	286021	2.627	62647
10:11:20	78447	531053	2.671	62647
10:11:22	67855	521930	3.138	62647
10:11:23	73787	565678	3.469	62647
10:11:24	81095	704247	2.758	62647
10:11:26	92850	131342	2.811	62647
10:11:27	78995	14837	3.416	62647
10:11:28	68089	13711	2.885	62647
10:11:29	60147	14194	2.856	62647
10:11:30	72574	15387	4.957	62647
10:11:32	53809	12281	3.758	62647
10:11:33	55237	12915	2.767	62647
10:11:34	77015	15853	2.890	62647
10:11:35	62760	13313	2.889	62647
10:11:36	88136	16354	2.529	62647
10:11:38	63115	17673	2.567	62647
10:11:39	67712	16022	2.697	62647
10:11:40	67045	26102	3.187	62647
10:11:41	125466	47934	3.178	62647
10:11:43	131345	62471	3.458	62647
10:11:44	66511	34316	3.687	62647
10:11:45	62392	18263	2.933	62647
10:11:46	69284	18299	2.848	62647
10:11:48	63224	15500	3.282	62647
10:11:49	78678	21479	2.789	62647
10:11:50	65813	27004	2.829	62647
10:11:51	64083	13240	2.524	62647
10:11:52	72259	13783	3.138	62647
10:11:54	65863	13536	3.592	62647
10:11:55	74704	13821	2.840	62647
10:11:56	59469	15969	2.866	62647
10:11:57	74323	16074	3.082	62647
10:11:59	76569	16622	2.467	62647
10:12:00	84484	20425	3.413	62647
10:12:01	91906	15592	2.388	62647
10:12:02	84730	13630	2.816	62647
10:12:04	70804	13791	3.180	62647
10:12:05	62004	16283	2.945	62647
10:12:06	72205	17255	2.932	62647
10:12:07	77008	16727	2.775	62647
10:12:08	78105	17744	2.969	62647
10:12:10	66763	13442	3.108	62647
10:12:11	66558	15079	3.193	62647
10:12:12	67629	16327	2.796	62647
10:12:13	90804	17768	3.311	62647
10:12:14	89199	19643	3.047	62647
10:12:16	80549	14833	2.708	62647
10:12:17	124327	21158	3.107	62647
10:12:18	95526	15484	2.808	62647
10:12:19	70509	15531	3.402	62647
10:12:21	72855	15468	2.784	62647
10:12:22	101781	18800	2.859	62647
10:12:23	82728	16215	2.503	62647
10:12:24	90854	17134	2.707	62647
10:12:25	82411	16726	3.421	62647
10:12:27	104976	19299	3.008	62647
10:12:28	82716	14628	3.597	62647
10:12:29	74615	15170	2.958	62647
10:12:30	82379	16712	3.350	62647
10:12:32	79584	16450	3.228	62647
10:12:33	70670	18035	3.681	62647
10:12:34	67366	16274	3.678	62647
10:12:35	79958	17538	2.764	62647
10:12:36	99228	19906	2.885	62647
10:12:38	111385	19876	3.287	62647
10:12:39	91289	18660	2.910	62647
10:12:40	102500	19405	3.267	62647
10:12:41	95470	19117	2.901	62647
10:12:42	111609	20062	3.084	62647
10:12:43	112625	20050	3.841	62647
10:12:45	103308	19641	3.059	62647
10:12:46	79172	16759	3.249	62647
10:12:47	91192	19201	2.538	62647
10:12:48	82461	16930	2.673	62647
10:12:50	98759	16476	3.349	62647
10:12:51	100886	19996	3.515	62647
10:12:52	95932	18755	2.644	62647
10:12:53	100870	19365	2.904	62647
10:12:54	80720	17635	3.307	62647
10:12:56	102137	16925	2.789	62647
10:12:57	91779	14344	2.335	62647
10:12:58	95624	15172	2.636	62647
10:12:59	73251	13516	2.711	62647
10:13:00	77524	13629	3.064	62647
10:13:02	81970	16425	2.915	62647
10:13:03	78101	17839	2.727	62647
10:13:04	81886	16337	3.336	62647
10:13:05	71966	14793	2.766	62647
10:13:07	64348	15931	3.521	62647
10:13:08	55394	16455	2.782	62647
10:13:09	49063	12839	3.044	62647
10:13:10	57466	13817	2.855	62647
10:13:12	52952	16204	3.132	62647
10:13:13	57904	18304	2.870	62647
10:13:14	76301	17806	2.870	62647
10:13:15	53038	16181	2.988	62647
10:13:16	58667	20171	3.397	62647
10:13:18	60372	17539	3.724	62647
10:13:19	73858	21660	2.756	62647
10:13:20	83967	14351	3.104	62647
10:13:21	81154	13683	3.408	62647
10:13:22	73459	13003	2.864	62647
10:13:24	69196	13418	2.346	62647
10:13:25	92061	17077	3.241	62647
10:13:26	80495	14587	4.085	62647
10:13:27	57267	14170	4.904	62647
10:13:29	57195	12900	3.005	62647
10:13:30	54801	14936	2.816	62647
10:13:31	59161	16226	2.160	62647
10:13:32	61443	16896	2.866	62647
10:13:33	51461	16266	3.264	62647
10:13:34	69234	14435	2.875	62647
10:13:36	80105	16720	3.221	62647
10:13:37	70771	17008	2.979	62647
10:13:38	70866	18326	2.884	62647
10:13:39	77658	17691	2.353	62647
10:13:41	104225	37083	2.830	62647
10:13:42	168991	97516	3.487	62647
10:13:43	166371	163356	2.802	62647
10:13:44	105777	28849	2.900	62647
10:13:46	83241	15635	2.857	62647
10:13:47	82271	15731	2.754	62647
10:13:48	63491	13836	2.669	62647
10:13:49	64584	15352	2.654	62647
10:13:50	71172	22095	3.354	62647
10:13:52	75754	45463	2.795	62647
10:13:53	71300	101118	3.362	62647
10:13:54	70241	13659	4.127	62647
10:13:55	55508	15063	3.161	62647
10:13:57	68201	54731	2.790	62647
10:13:58	70236	18545	2.768	62647
10:13:59	55261	16132	2.972	62647
10:14:00	100154	18503	2.785	62647
10:14:02	64241	17172	3.189	62647
10:14:03	87298	18433	2.730	62647
10:14:04	56320	15898	3.381	62647
10:14:05	87713	17861	3.011	62647
10:14:06	79516	23022	2.902	62647
10:14:08	66262	14914	2.787	62647
10:14:09	57092	17906	2.898	62647
10:14:10	65247	17013	2.931	62647
10:14:11	54369	41691	2.752	62647
10:14:12	58308	110910	2.670	62647
10:14:14	54133	14841	2.550	62647
10:14:15	58935	14802	2.989	62647
10:14:16	96465	44548	2.729	62647
10:14:18	50218	14207	3.073	62647
10:14:19	63977	15353	2.832	62647
10:14:20	66005	16394	2.682	62647
10:14:21	74079	20120	2.975	62647
10:14:22	55667	14318	2.979	62647
10:14:24	57718	19788	2.924	62647
10:14:25	59870	16806	2.929	62647
10:14:26	63288	123703	3.146	62647
10:14:27	75407	13741	2.820	62647
10:14:28	70528	13297	3.223	62647
10:14:30	71498	13254	3.166	62647
10:14:31	62513	13723	3.408	62647
10:14:32	83479	15738	2.766	62647
10:14:34	79478	22646	2.872	62647
10:14:35	58528	16214	2.722	62647
10:14:36	81844	22713	2.911	62647
10:14:37	72711	17286	2.811	62647
10:14:38	74409	16952	2.774	62647
10:14:40	87055	19128	3.194	62647
10:14:41	81907	17911	2.667	62647
10:14:42	93016	18215	2.736	62647
10:14:43	78608	18254	2.869	62647
10:14:44	74134	16536	3.149	62647
10:14:46	75518	28637	2.709	62647
10:14:47	94234	18537	2.717	62647
10:14:48	74636	15892	2.791	62647
10:14:50	92910	12524	3.019	62647
10:14:51	126752	23408	3.076	62647
10:14:52	83621	14026	2.757	62647
10:14:53	110393	18095	3.057	62647
10:14:54	113260	23551	3.177	62647
10:14:56	84149	16822	4.072	62647
10:14:57	87204	21017	2.866	62647
10:14:58	78623	17356	3.485	62647
10:14:59	92467	25456	2.780	62647
10:15:00	92593	14451	3.883	62647
10:15:02	75906	14200	2.877	62647
10:15:03	61927	16303	2.870	62647
10:15:04	64561	56574	3.029	62647
10:15:05	59708	106720	3.360	62647
10:15:06	71164	15551	2.721	62647
10:15:08	87395	13990	2.870	62647
10:15:09	71870	15769	2.740	62647
10:15:10	68018	15337	3.230	62647
10:15:11	61471	18528	3.403	62647
10:15:12	66984	18028	2.765	62647
10:15:14	84809	27691	2.271	62647
10:15:15	76427	133650	3.421	62647
10:15:16	74964	21301	2.789	62647
10:15:17	65279	20772	2.766	62647
10:15:18	82565	47006	2.493	62647
10:15:20	105130	19623	2.784	62647
10:15:21	79270	40088	2.813	62647
10:15:22	85199	24578	5.587	62647
10:15:24	81730	114651	2.789	62647
10:15:25	85026	20567	2.899	62647
10:15:26	87331	134302	4.170	62647
10:15:27	81435	15520	2.958	62647
10:15:28	88806	16791	2.815	62647
10:15:30	65611	21345	3.785	62647
10:15:31	88337	119793	3.358	62647
10:15:32	78062	16866	2.335	62647
10:15:33	91183	30484	2.915	62647
10:15:34	103556	131032	2.651	62647
10:15:36	99648	18535	2.693	62647
10:15:37	103879	71940	2.463	62647
10:15:38	72471	14845	2.324	62647
10:15:39	62669	16802	2.444	62647
10:15:41	77040	54002	2.615	62647
10:15:42	126019	134437	2.741	62647
10:15:43	117437	64105	4.067	62647
10:15:44	92618	146785	3.584	62647
10:15:46	66127	19709	3.427	62647
10:15:47	67123	18132	3.374	62647
10:15:48	99670	19526	4.096	62647
10:15:49	65535	50049	2.875	62647
10:15:50	63011	14260	2.813	62647
10:15:52	66123	16554	2.773	62647
10:15:53	67935	15457	2.822	62647
10:15:54	58752	13075	2.887	62647
10:15:55	61000	42013	3.429	62647
10:15:56	65370	13078	2.881	62647
10:15:58	64410	13980	2.880	62647
10:15:59	68415	19929	2.340	62647
10:16:00	82877	16742	2.771	62647
10:16:02	95354	18436	3.442	62647
10:16:03	77944	21214	2.445	62647
10:16:04	102494	120722	3.131	62647
10:16:05	92881	18957	3.530	62647
10:16:06	115560	28305	3.239	62647
10:16:08	99013	133127	2.981	62647
10:16:09	96622	15922	2.262	62647
10:16:10	89168	19234	2.695	62647
10:16:11	93749	27702	2.579	62647
10:16:12	86537	117589	2.574	62647
10:16:14	82284	14819	2.611	62647
10:16:15	77504	13753	2.544	62647
10:16:16	116499	23580	2.934	62647
10:16:18	93705	62936	2.866	62647
10:16:19	72831	15745	3.298	62647
10:16:20	64050	16273	2.839	62647
10:16:21	79350	16457	3.165	62647
10:16:22	70780	15454	3.763	62647
10:16:24	56417	14374	3.054	62647
10:16:25	88183	15663	3.141	62647
10:16:26	74792	17073	2.826	62647
10:16:27	82875	14593	2.409	62647
10:16:28	78471	13467	3.807	62647
10:16:30	62797	15136	3.251	62647
10:16:31	86703	18310	3.168	62647
10:16:33	80929	17496	52.329	62647
10:16:34	123463	44049	2.947	62647
10:16:35	94769	16187	3.424	62647
10:16:36	99212	14800	2.808	62647
10:16:37	85717	23978	2.333	62647
10:16:39	79524	13240	3.239	62647
10:16:40	85146	18079	3.607	62647
10:16:41	61641	16762	2.668	62647
10:16:42	70005	16958	2.685	62647
10:16:44	58561	15737	3.141	62647
10:16:45	60638	16600	3.651	62647
10:16:46	61038	15886	2.946	62647
10:16:47	52152	14203	3.044	62647
10:16:49	88973	17887	3.195	62647
10:16:50	72374	15507	3.042	62647
10:16:51	50423	17497	78.145	62647
10:16:53	126323	19596	2.898	62647
10:16:54	110718	18495	4.054	62647
10:16:55	82599	13721	2.780	62647
10:16:56	54600	16465	3.129	62647
10:16:58	68641	17760	2.523	62647
10:16:59	72489	14921	3.779	62647
10:17:00	60154	16102	3.150	62647
10:17:01	61854	15723	2.786	62647
10:17:02	54879	15751	3.050	62647
10:17:04	69022	22502	8.358	62647
10:17:05	79968	17651	3.081	62647
10:17:06	83382	17318	2.690	62647
10:17:07	81665	14128	2.980	62647
10:17:09	81024	14334	3.448	62647
10:17:10	76855	13911	2.889	62647
10:17:11	76947	14106	3.380	62647
10:17:12	89133	14888	3.251	62647
10:17:13	91758	14964	4.400	62647
10:17:15	70516	13326	4.112	62647
10:17:16	95945	17796	3.849	62647
10:17:17	104302	22114	3.362	62647
10:17:18	101758	24384	3.784	62647
10:17:20	116080	22743	3.000	62647
10:17:21	90282	14174	2.838	62647
10:17:22	118827	20488	3.123	62647
10:17:24	87593	18527	58.284	62647
10:17:25	152161	19017	2.522	62647
10:17:26	117057	16091	2.788	62647
10:17:27	88656	15773	2.911	62647
10:17:29	89492	15375	2.808	62647
10:17:30	75499	15241	2.649	62647
10:17:31	84720	13700	37.906	62647
10:17:32	114246	15286	3.193	62647
10:17:34	90955	22674	2.323	62647
10:17:35	82063	16139	2.817	62647
10:17:36	109383	17755	3.121	62647
10:17:37	83004	16776	2.807	62647
10:17:38	88613	17559	3.216	62647
10:17:40	79655	13747	6.250	62647
10:17:41	78229	18951	2.812	62647
10:17:42	105245	41950	2.676	62647
10:17:43	83032	36756	15.339	62647
10:17:45	147791	50966	3.351	62647
10:17:46	78891	17285	3.539	62647
10:17:47	60118	13233	3.160	62647
10:17:48	60473	12856	65.429	62647
10:17:50	77106	14459	2.451	62647
10:17:51	62248	12831	2.957	62647
10:17:52	59130	13751	4.314	62647
10:17:53	75344	17098	2.525	62647
10:17:55	83508	14089	2.871	62647
10:17:56	85891	16969	2.307	62647
10:17:57	75356	14966	3.195	62647
10:17:58	63110	18342	3.010	62647
10:18:00	62208	18470	3.150	62647
10:18:01	61216	18860	3.465	62647
10:18:02	90872	20813	3.972	62647
10:18:03	73765	19118	2.901	62647
10:18:05	76387	29538	3.064	62647
10:18:06	88546	15772	2.957	62647
10:18:07	59116	17599	3.138	62647
10:18:08	66148	17793	3.033	62647
10:18:10	58916	15406	3.478	62647
10:18:11	78363	16383	2.857	62647
10:18:12	77267	15788	2.696	62647
10:18:13	59082	16424	2.861	62647
10:18:14	98805	34072	3.351	62647
10:18:16	84709	138655	3.023	62647
10:18:17	74875	17914	3.071	62647
10:18:18	76060	20158	3.342	62647
10:18:19	76753	20621	2.686	62647
10:18:20	112944	32151	3.059	62647
10:18:22	105210	23662	3.017	62647
10:18:23	94024	137382	2.907	62647
10:18:24	106299	17079	3.037	62647
10:18:25	99017	17341	3.471	62647
10:18:26	85744	16697	3.134	62647
10:18:28	86587	119560	3.146	62647
10:18:29	86630	24401	4.022	62647
10:18:30	81189	179207	3.175	62647
10:18:31	71209	18200	2.593	62647
10:18:33	58373	21994	3.088	62647
10:18:34	68749	120585	3.528	62647
10:18:35	67153	51244	3.884	62647
10:18:37	92856	27956	3.812	62647
10:18:38	78442	133155	3.213	62647
10:18:39	52439	18500	2.849	62647
10:18:40	88172	25654	3.378	62647
10:18:41	93389	123034	2.939	62647
10:18:43	81597	18181	2.296	62647
10:18:44	85518	83502	3.962	62647
10:18:45	93641	157119	2.781	62647
10:18:46	69517	18522	2.810	62647
10:18:48	76224	17844	2.914	62647
10:18:49	79262	15783	3.393	62647
10:18:50	61657	16766	3.430	62647
10:18:51	71226	21617	2.845	62647
10:18:53	73060	23731	3.069	62647
10:18:54	71686	18446	32.180	62647
10:18:55	34310	19004	2.956	62647
10:18:56	169394	49528	2.453	62647
10:18:58	107669	93330	2.846	62647
10:18:59	96920	15625	3.309	62647
10:19:00	90172	40782	3.985	62647
10:19:03	80014	18001	-	62647
10:19:04	160417	47302	3.579	62647
10:19:05	195306	50273	3.146	62647
10:19:07	86717	15357	2.815	62647
10:19:08	92101	14095	3.082	62647
10:19:09	79465	17794	2.861	62647
10:19:10	67747	14919	3.781	62647
10:19:12	78289	16209	3.013	62647
10:19:13	73742	15417	3.150	62647
10:19:14	70295	14470	3.674	62647
10:19:15	79858	14966	3.205	62647
10:19:16	82648	18057	2.864	62647
10:19:18	77874	22366	2.713	62647
10:19:19	60448	18076	2.761	62647
10:19:20	56540	12919	2.852	62647
10:19:22	59689	17162	130.322	62647
10:19:23	54876	14609	3.153	62647
10:19:24	53120	15628	2.981	62647
10:19:25	46389	15168	2.888	62647
10:19:26	55605	13608	2.691	62647
10:19:28	49860	14951	2.858	62647
10:19:29	59988	14204	2.834	62647
10:19:30	57269	14552	3.015	62647
10:19:31	70309	15764	3.077	62647
10:19:33	65515	16884	3.007	62647
10:19:34	57911	15398	3.247	62647
10:19:35	65084	12982	2.952	62647
10:19:36	74121	20645	95.011	62647
10:19:38	92604	16899	3.197	62647
10:19:39	70533	15154	2.956	62647
10:19:40	92158	14988	91.509	62647
10:19:41	113816	27344	2.869	62647
10:19:43	123440	36976	2.526	62647
10:19:44	84892	33335	3.799	62647
10:19:45	87293	40832	4.406	62647
10:19:46	50035	17358	2.985	62647
10:19:48	57936	14164	3.385	62647
10:19:49	54847	13222	3.657	62647
10:19:50	45723	13997	2.905	62647
10:19:51	66963	13522	3.044	62647
10:19:53	78279	14212	2.689	62647
10:19:54	64978	14912	5.178	62647
10:19:55	60498	15091	2.616	62647
10:19:56	57254	14880	3.211	62647
10:19:57	71201	16827	2.817	62647
10:19:59	40691	14798	3.625	62647
10:20:00	108065	16460	64.434	62647
10:20:01	63607	15845	2.908	62647
10:20:02	60310	11817	2.250	62647
10:20:04	51792	14777	3.258	62647
10:20:05	45423	13763	3.778	62647
10:20:06	70203	15939	2.411	62647
10:20:07	103853	24400	3.373	62647
10:20:09	79882	15599	3.192	62647
10:20:10	88644	16815	3.202	62647
10:20:11	93579	16182	2.766	62647
10:20:12	104854	18650	2.789	62647
10:20:14	65147	17694	224.830	62647
10:20:15	114089	21714	2.660	62647
10:20:16	150931	16729	2.617	62647
10:20:17	80754	17502	2.924	62647
10:20:19	94596	17055	3.212	62647
10:20:20	84944	13687	3.026	62647
10:20:21	119484	23540	2.922	62647
10:20:23	101576	14877	3.002	62647
10:20:24	102422	19479	2.833	62647
10:20:25	76103	16893	331.428	62647
10:20:27	90410	19549	3.369	62647
10:20:28	64924	13709	3.709	62647
10:20:29	59619	14782	2.884	62647
10:20:30	73619	14005	3.212	62647
10:20:31	89723	17493	3.062	62647
10:20:33	77209	15034	3.210	62647
10:20:34	67555	14808	3.134	62647
10:20:35	54529	17313	2.941	62647
10:20:36	80392	16964	2.827	62647
10:20:38	75572	25589	3.483	62647
10:20:39	107630	19570	2.750	62647
10:20:40	96218	15624	18.459	62647
10:20:41	98661	14811	2.629	62647
10:20:42	77990	13763	2.952	62647
10:20:44	71017	13416	2.616	62647
10:20:45	72946	13047	3.627	62647
10:20:46	66198	13025	3.435	62647
10:20:47	64130	13065	3.721	62647
10:20:48	89132	15617	3.135	62647
10:20:50	93241	16686	3.449	62647
10:20:51	67152	17065	3.089	62647
10:20:53	105246	14462	428.065	62647
10:20:54	125762	20384	3.188	62647
10:20:55	65051	14490	2.532	62647
10:20:56	73262	13577	3.098	62647
10:20:58	88715	14041	2.647	62647
10:20:59	105879	15224	22.654	62647
10:21:00	82710	24590	3.556	62647
10:21:01	63442	132198	3.056	62647
10:21:03	96263	15296	3.218	62647
10:21:04	57443	18129	3.332	62647
10:21:05	59020	14290	2.570	62647
10:21:06	70533	14224	2.949	62647
10:21:07	54959	26032	3.629	62647
10:21:09	62430	14131	3.645	62647
10:21:12	64639	13753	-	62647
10:21:13	233348	56819	2.300	62647
10:21:14	79030	137815	2.964	62647
10:21:16	76487	17144	2.686	62647
10:21:17	96095	27678	3.575	62647
10:21:18	97206	147272	3.391	62647
10:21:19	82872	20880	3.244	62647
10:21:20	72924	14936	2.708	62647
10:21:22	62495	17473	2.714	62647
10:21:23	84320	13619	3.150	62647
10:21:24	78785	13246	3.543	62647
10:21:25	67072	17067	2.771	62647
10:21:26	84014	120940	3.351	62647
10:21:28	75272	13666	2.958	62647
10:21:29	76341	24456	3.938	62647
10:21:30	77280	191706	3.063	62647
10:21:31	54224	14712	2.721	62647
10:21:33	67217	15137	2.506	62647
10:21:34	43508	16333	3.140	62647
10:21:35	41198	17951	2.912	62647
10:21:36	82584	17851	4.296	62647
10:21:37	63300	17507	4.018	62647
10:21:39	97072	17644	12.540	62647
10:21:40	83299	17176	3.319	62647
10:21:41	101006	18395	5.888	62647
10:21:42	143935	64203	10.134	62647
10:21:43	107729	33220	2.788	62647
10:21:45	99325	35412	3.618	62647
10:21:46	120111	38731	3.048	62647
10:21:47	100007	17527	41.077	62647
10:21:48	84583	14203	2.987	62647
10:21:50	109840	28272	3.071	62647
10:21:51	84866	31326	3.119	62647
10:21:52	92874	15549	4.106	62647
10:21:53	125923	25510	2.744	62647
10:21:55	68384	17192	3.336	62647
10:21:56	73440	17751	3.295	62647
10:21:57	88326	20655	2.895	62647
10:21:58	103352	18023	2.742	62647
10:21:59	138625	149900	2.562	62647
10:22:01	115249	16930	2.821	62647
10:22:02	83653	13777	2.866	62647
10:22:03	76910	13983	2.639	62647
10:22:04	72356	14134	2.849	62647
10:22:05	81422	14030	2.778	62647
10:22:07	95779	15561	2.902	62647
10:22:08	84224	16634	2.775	62647
10:22:09	80161	17693	2.607	62647
10:22:10	98092	16969	2.856	62647
10:22:11	96722	14237	2.908	62647
10:22:12	107173	40450	3.001	62647
10:22:14	87281	17221	2.862	62647
10:22:15	99323	18972	2.495	62647
10:22:16	108688	18866	2.537	62647
10:22:17	99177	18566	2.967	62647
10:22:18	106146	19214	3.582	62647
10:22:20	91865	17762	2.892	62647
10:22:21	92760	18692	3.230	62647
10:22:22	124978	24016	3.369	62647
10:22:23	80773	18082	3.951	62647
10:22:25	90441	19579	3.156	62647
10:22:26	109074	20347	3.285	62647
10:22:27	80405	31381	3.049	62647
10:22:28	73632	18582	3.095	62647
10:22:29	89796	18516	3.131	62647
10:22:31	67915	15556	2.995	62647
10:22:32	63395	13422	2.265	62647
10:22:33	66112	13974	2.903	62647
10:22:34	88257	14211	2.767	62647
10:22:36	92107	14747	3.307	62647
10:22:37	85828	14146	3.134	62647
10:22:38	77864	13931	2.575	62647
10:22:40	121603	25832	3.097	62647
10:22:41	117084	124195	3.865	62647
10:22:42	74226	13565	3.292	62647
10:22:43	100019	21014	3.628	62647
10:22:45	84959	142152	2.915	62647
10:22:46	66654	15880	2.735	62647
10:22:47	69891	16577	3.057	62647
10:22:48	83824	16371	2.978	62647
10:22:49	78209	15540	3.154	62647
10:22:51	61877	13416	2.995	62647
10:22:52	54050	12671	6.343	62647
10:22:53	80819	12523	3.312	62647
10:22:54	68452	39826	2.876	62647
10:22:56	68732	14870	3.781	62647
10:22:57	97898	18940	3.114	62647
10:22:58	94429	26784	3.089	62647
10:22:59	66516	111831	2.730	62647
10:23:00	70814	20319	2.910	62647
10:23:02	87819	146881	2.538	62647
10:23:03	65910	19290	3.062	62647
10:23:04	70460	13280	2.478	62647
10:23:05	80147	14119	2.961	62647
10:23:06	79021	17788	2.695	62647
10:23:08	106702	17358	3.437	62647
10:23:09	110633	28145	3.001	62647
10:23:10	83086	145084	2.502	62647
10:23:12	73579	15438	4.015	62647
10:23:13	107233	122783	2.812	62647
10:23:14	106540	116762	3.155	62647
10:23:16	71398	22160	3.258	62647
10:23:17	104211	25216	3.252	62647
10:23:18	75871	18378	3.602	62647
10:23:19	75150	20467	3.842	62647
10:23:21	68848	15557	3.245	62647
10:23:22	65260	15133	2.779	62647
10:23:23	69702	15805	2.907	62647
10:23:24	99372	17558	2.473	62647
10:23:25	71700	14013	3.719	62647
10:23:27	80815	16962	3.029	62647
10:23:28	84467	36803	2.600	62647
10:23:29	95567	115613	2.910	62647
10:23:30	102580	21857	2.798	62647
10:23:31	83744	156614	3.071	62647
10:23:33	88081	14262	3.363	62647
10:23:34	99302	16877	2.935	62647
10:23:35	62582	14794	3.079	62647
10:23:36	74864	18133	2.787	62647
10:23:37	58165	17770	3.272	62647
10:23:38	56158	14592	3.312	62647
10:23:40	69256	15869	2.476	62647
10:23:41	91471	38002	3.424	62647
10:23:42	109681	41166	3.156	62647
10:23:43	122719	75504	2.995	62647
10:23:45	105762	170563	3.426	62647
10:23:46	120041	47208	2.791	62647
10:23:47	80639	28804	3.078	62647
10:23:48	106155	31318	2.918	62647
10:23:50	110034	160914	3.713	62647
10:23:51	89965	18490	3.806	62647
10:23:52	91276	17322	3.419	62647
10:23:53	82100	16110	3.120	62647
10:23:54	80329	16678	3.215	62647
10:23:56	113909	22667	2.892	62647
10:23:57	87509	19473	2.872	62647
10:23:58	96440	48230	2.856	62647
10:23:59	104757	17488	3.100	62647
10:24:01	78537	17981	2.884	62647
10:24:02	88565	19689	3.516	62647
10:24:03	71562	18479	2.911	62647
10:24:04	83523	20255	3.024	62647
10:24:06	76544	15853	3.030	62647
10:24:07	82293	20896	3.162	62647
10:24:08	74864	18319	2.796	62647
10:24:09	88298	19857	2.843	62647
10:24:10	99271	23023	2.986	62647
10:24:12	76250	39332	2.793	62647
10:24:13	93170	18062	2.412	62647
10:24:14	117020	49083	2.789	62647
10:24:15	86046	101707	2.629	62647
10:24:16	101130	18800	2.755	62647
10:24:18	104205	24600	2.708	62647
10:24:19	105599	162069	2.814	62647
10:24:20	116314	16755	2.893	62647
10:24:21	103572	16962	2.617	62647
10:24:22	105193	28820	2.810	62647
10:24:24	96201	26178	3.086	62647
10:24:25	101287	163005	3.104	62647
10:24:26	84174	19740	3.407	62647
10:24:27	100414	20592	3.167	62647
10:24:29	119841	70388	2.905	62647
10:24:30	94597	16966	3.030	62647
10:24:31	81956	20713	2.609	62647
10:24:32	97559	53662	4.342	62647
10:24:33	89137	106196	2.494	62647
10:24:35	86094	20266	2.724	62647
10:24:36	91118	22479	2.756	62647
10:24:37	93836	54049	2.958	62647
10:24:38	92442	137024	2.909	62647
10:24:40	102964	20902	2.455	62647
10:30:23	90133	26106	4.020	62647
10:30:24	98507	65031	3.070	62647
10:30:25	108452	74024	2.177	62647
10:30:26	113424	186847	2.673	62647
10:30:27	100313	25465	3.365	62647
10:30:29	102534	23977	3.115	62647
10:30:30	111935	29440	2.573	62647
10:30:31	130147	34014	3.053	62647
10:30:33	98889	32452	2.709	62647
10:30:34	101869	36841	2.655	62647
10:30:35	122299	40227	2.838	62647
10:30:36	110904	185901	3.073	62647
10:30:37	95333	26564	3.306	62647
10:30:39	108425	25805	3.077	62647
10:30:40	93533	57432	2.760	62647
10:30:41	75849	26874	2.838	62647
10:30:42	97385	27713	2.217	62647
10:30:43	83710	26493	3.089	62647
10:30:45	88196	27453	2.889	62647
10:30:46	102075	27488	2.765	62647
10:30:48	94315	27910	2.492	62647
10:30:49	114045	35947	3.175	62647
10:30:50	103431	39516	3.865	62647
10:30:51	101158	133001	2.943	62647
10:30:53	104830	27352	3.048	62647
10:30:54	127249	165336	4.181	62647
10:30:55	101616	81378	3.193	62647
10:30:56	97429	29341	2.875	62647
10:30:57	82614	27408	3.261	62647
10:30:59	86709	28322	2.802	62647
10:31:00	107151	36916	2.701	62647
10:31:01	108378	35797	2.380	62647
10:31:02	95063	179924	3.118	62647
10:31:04	89319	25878	2.973	62647
10:31:05	103630	72790	2.530	62647
10:31:06	133546	35183	2.737	62647
10:31:08	93272	24310	2.925	62647
10:31:09	97221	23779	3.293	62647
10:31:10	94761	23742	2.583	62647
10:31:11	97884	23577	3.146	62647
10:31:12	105472	24552	3.058	62647
10:31:14	99194	32333	3.418	62647
10:31:15	115903	30703	2.866	62647
10:31:16	117734	34543	2.565	62647
10:31:17	96746	35238	3.168	62647
10:31:18	101271	32118	4.517	62647
10:31:20	110986	37083	2.699	62647
10:31:21	102020	144968	2.825	62647
10:31:22	91254	25191	2.925	62647
10:31:23	120936	40300	2.754	62647
10:31:25	116633	182100	2.981	62647
10:31:26	92277	52745	3.166	62647
10:31:27	102035	27763	2.235	62647
10:31:28	117951	28794	2.867	62647
10:31:29	130099	26422	3.022	62647
10:31:31	122124	25474	3.114	62647
10:31:32	122793	36232	2.906	62647
10:31:33	107036	138506	3.159	62647
10:31:34	115787	80650	3.393	62647
10:31:35	140455	44320	2.718	62647
10:31:37	152297	185886	2.745	62647
10:31:38	127466	27096	2.733	62647
10:31:39	140557	29701	2.566	62647
10:31:40	161451	36005	2.717	62647
10:31:42	147094	34699	2.954	62647
10:31:43	151501	33879	2.608	62647
10:31:44	155381	48085	6.001	62647
10:31:45	146299	42557	3.308	62647
10:31:47	140452	38368	2.832	62647
10:31:48	182944	62348	3.241	62647
10:31:49	154877	38737	5.604	62647
10:31:50	164562	56300	2.883	62647
10:31:51	152857	49764	3.064	62647
10:31:53	140379	33230	3.013	62647
10:31:54	147116	63439	3.273	62647
10:31:55	113138	120339	2.698	62647
10:31:56	109416	32385	2.757	62647
10:31:57	119182	30629	3.063	62647
10:31:59	111442	29529	3.139	62647
10:32:00	100959	34335	3.365	62647
10:32:01	104802	48760	3.080	62647
10:32:02	97001	24676	2.790	62647
10:32:04	105214	28077	2.611	62647
10:32:05	110750	28925	2.923	62647
10:32:06	109831	27508	2.835	62647
10:32:07	108633	27504	2.745	62647
10:32:09	123924	45325	2.350	62647
10:32:10	128892	27509	2.729	62647
10:32:11	92101	31320	2.861	62647
10:32:12	122227	35206	4.103	62647
10:32:14	112901	33066	3.144	62647
10:32:15	135858	116591	2.857	62647
10:32:16	146439	124509	4.075	62647
10:32:18	151341	35077	2.701	62647
10:32:19	124881	37368	4.575	62647
10:32:20	128593	45711	2.736	62647
10:32:21	142470	199973	2.521	62647
10:32:23	107345	31333	3.891	62647
10:32:24	129910	33638	3.522	62647
10:32:25	148749	42743	4.868	62647
10:32:26	141092	191089	2.710	62647
10:32:27	107979	27994	3.894	62647
10:32:29	123461	76600	2.705	62647
10:32:30	114787	28904	2.733	62647
10:32:31	125290	35702	2.902	62647
10:32:32	133715	173075	2.907	62647
10:32:34	148568	31059	2.750	62647
10:32:35	126469	25884	3.393	62647
10:32:36	130312	29402	3.049	62647
10:32:37	100344	30590	3.023	62647
10:32:38	118846	32911	3.658	62647
10:32:40	139100	32015	4.798	62647
10:32:41	149316	30357	2.764	62647
10:32:42	132813	31140	2.616	62647
10:32:43	129048	30525	2.703	62647
10:32:44	135756	32841	2.302	62647
10:32:46	122275	47377	4.148	62647
10:32:47	135516	27471	2.771	62647
10:32:48	129107	28089	2.921	62647
10:32:49	142393	28140	2.768	62647
10:32:51	164063	39041	3.101	62647
10:32:52	154685	193418	2.691	62647
10:32:53	144383	27975	2.546	62647
10:32:54	139143	28783	2.835	62647
10:32:55	139736	30936	2.266	62647
10:32:57	133142	32439	4.923	62647
10:32:58	127769	30877	2.852	62647
10:32:59	130712	30683	2.491	62647
10:33:00	122575	33023	3.453	62647
10:33:02	116860	32947	2.877	62647
10:33:03	127737	29391	3.321	62647
10:33:04	107742	43689	3.074	62647
10:33:05	102761	42777	3.376	62647
10:33:06	117057	30927	3.454	62647
10:33:08	134873	34775	2.876	62647
10:33:09	149678	155484	2.912	62647
10:33:10	118379	30829	3.090	62647
10:33:11	109417	31588	2.838	62647
10:33:13	108194	30874	2.793	62647
10:33:14	98979	31673	3.257	62647
10:33:15	105109	31858	2.861	62647
10:33:16	97170	33246	2.386	62647
10:33:18	109108	37044	2.791	62647
10:33:19	105082	35071	2.604	62647
10:33:20	92028	34546	2.875	62647
10:33:21	94627	28822	2.900	62647
10:33:22	88919	29370	2.860	62647
10:33:24	100809	49982	2.823	62647
10:33:25	131286	33663	2.917	62647
10:33:27	151259	41399	2.891	62647
10:33:28	111866	27176	2.746	62647
10:33:29	109053	26738	2.829	62647
10:33:30	84850	25080	2.967	62647
10:33:32	113901	31579	3.225	62647
10:33:33	87221	28955	2.563	62647
10:33:34	104893	28484	3.067	62647
10:33:35	118510	27842	2.830	62647
10:33:37	119774	28472	2.571	62647
10:33:38	120722	53354	4.104	62647
10:33:39	131809	35674	2.782	62647
10:33:40	121237	31385	2.801	62647
10:33:42	113849	30297	2.562	62647
10:33:43	118087	32520	2.345	62647
10:33:45	174062	62563	2.588	62647
10:33:46	134993	40920	2.783	62647
10:33:47	105710	41215	3.099	62647
10:33:48	151396	56988	2.455	62647
10:33:50	135190	36354	3.363	62647
10:33:51	115300	31936	3.047	62647
10:33:52	102739	30794	2.564	62647
10:33:53	110497	27690	4.010	62647
10:33:55	122970	27961	2.245	62647
10:33:56	131256	29659	4.676	62647
10:33:57	119919	30088	4.194	62647
10:33:58	152066	37785	6.327	62647
10:33:59	135772	38241	3.027	62647
10:34:01	133393	38371	2.649	62647
10:34:02	157673	39083	4.531	62647
10:34:03	112958	32049	3.286	62647
10:34:05	112874	26395	3.952	62647
10:34:06	134302	32958	3.223	62647
10:34:07	117271	32715	2.922	62647
10:34:08	105044	39817	3.097	62647
10:34:10	105176	32624	3.140	62647
10:34:11	100534	31209	3.013	62647
10:34:12	101689	29875	2.412	62647
10:34:13	122107	32462	2.606	62647
10:34:15	125569	28478	2.815	62647
10:34:16	130166	32161	2.778	62647
10:34:17	98669	29385	3.275	62647
10:34:19	111585	31161	2.615	62647
10:34:20	129001	31787	4.070	62647
10:34:21	124914	33288	2.718	62647
10:34:22	140059	32885	3.043	62647
10:34:23	125217	28441	3.683	62647
10:34:25	151521	32555	2.414	62647
10:34:26	136672	34247	3.045	62647
10:34:27	139177	30994	2.598	62647
10:34:28	150501	31404	4.164	62647
10:34:30	122461	29966	2.997	62647
10:34:31	113881	29413	3.278	62647
10:34:32	103541	32134	3.055	62647
10:34:33	112719	32830	3.023	62647
10:34:35	117732	35131	2.884	62647
10:34:36	148581	34867	2.807	62647
10:34:37	133730	35519	3.132	62647
10:34:38	133845	36134	2.396	62647
10:34:40	150527	30471	3.075	62647
10:34:41	158847	31563	2.550	62647
10:34:42	145164	30284	2.614	62647
10:34:43	127852	30740	4.710	62647
10:34:45	129660	31327	3.200	62647
10:34:46	157330	34995	3.918	62647
10:34:47	157783	35899	3.696	62647
10:34:48	159181	36438	3.241	62647
10:34:49	157919	34004	3.080	62647
10:34:51	159058	40723	3.086	62647
10:34:52	124530	35932	2.850	62647
10:34:53	135416	36821	2.844	62647
10:34:55	160716	35049	3.592	62647
10:34:56	214968	46054	3.151	62647
10:34:57	159336	34952	3.073	62647
10:34:59	157483	36858	2.910	62647
10:35:00	154900	34905	2.572	62647
10:35:01	154223	35477	2.481	62647
10:35:02	157893	37161	2.744	62647
10:35:03	159640	37609	2.839	62647
10:35:05	157201	35112	3.568	62647
10:35:06	159027	36753	2.778	62647
10:35:07	157566	35138	3.977	62647
10:35:08	160490	37614	3.789	62647
10:35:10	157525	44352	3.212	62647
10:35:11	159428	38708	2.819	62647
10:35:12	176166	48878	2.724	62647
10:35:13	162961	195861	3.416	62647
10:35:15	141307	33604	2.941	62647
10:35:16	129572	35110	2.803	62647
10:35:17	159443	98583	3.925	62647
10:35:18	159596	91288	2.976	62647
10:35:20	172420	37858	2.741	62647
10:35:21	57512	183794	5.042	62647
10:35:22	41871	16456	4.261	62647
10:35:23	49124	17852	2.519	62647
10:35:25	69202	26786	2.604	62647
10:35:26	133219	73518	2.620	62647
10:35:27	64114	85977	2.496	-
10:35:28	28286	7703	3.531	-
10:35:29	490	927	2.889	-
10:35:31	734	1850	4.333	14432
10:35:32	13239	19131	3.416	14432
10:35:33	109229	65404	2.693	14432
10:35:34	33565	25002	9.714	14432
10:35:35	674	1542	3.450	14432
10:35:37	98	2054	3.100	14432
10:35:38	35445	32286	2.803	14432
10:35:39	48832	32934	3.310	14432
10:35:40	29254	60417	3.301	14432
10:35:41	20863	9282	2.544	14432
10:35:43	3019	23702	3.200	14432
10:35:44	9868	6878	9.392	14432
10:35:45	27341	13034	2.668	14432
10:35:46	925	1104	9.884	14432
10:35:47	2767	20671	3.674	-
10:35:48	164	1632	6.269	-
10:35:51	1010	1998	2.591	14676
10:35:52	44929	31232	3.373	14676
10:35:53	9765	20771	3.316	14676
10:35:54	115349	87290	3.712	14676
10:35:56	56180	34582	2.980	14676
10:35:57	113613	27866	2.738	14676
10:35:58	113290	27512	2.335	14676
10:35:59	111984	30072	2.839	14676
10:36:00	53123	15044	3.881	14676
10:36:02	17763	10037	3.238	14676
10:36:03	1756	787	3.001	14676
10:36:04	4170	14761	2.848	14676
10:36:05	3850	16845	2.320	14676
10:36:06	3792	16780	2.688	14676
10:36:09	8471	49313	2.409	14676
10:36:10	3947	15725	2.779	14676
10:36:11	2535	9433	4.975	14676
10:36:12	1741	5711	2.378	14676
10:36:13	3893	15179	2.089	14676
10:36:14	4647	16360	2.522	14676
10:36:16	6895	17901	2.785	14676
10:36:17	3783	8483	3.059	14676
10:36:18	76696	20634	3.112	14676
10:36:19	328241	11246	2.877	14676
10:36:20	44380	6566	3.311	14676
10:36:21	53193	15131	3.493	14676
10:36:22	54435	15771	3.398	14676
10:36:24	43415	12005	2.876	14676
10:36:25	63974	16327	3.445	14676
10:36:26	53915	30812	2.949	14676
10:36:27	71302	13538	2.766	14676
10:36:28	55046	12981	2.675	14676
10:36:29	57519	12509	2.639	14676
10:36:31	53129	12861	2.470	14676
10:36:32	73535	13704	2.867	14676
10:36:33	67969	13723	2.849	14676
10:36:34	108007	17200	2.837	14676
10:36:36	99062	14269	2.945	14676
10:36:37	99518	17127	2.744	14676
10:36:38	109398	16905	3.056	14676
10:36:40	102636	22507	2.886	14676
10:36:41	100431	18365	3.025	14676
10:36:42	119539	17468	2.535	14676
10:36:43	112564	17461	2.350	14676
10:36:44	81259	14550	2.966	14676
10:36:46	66473	14358	4.177	14676
10:36:47	75623	14500	3.226	14676
10:36:48	76878	14723	3.327	14676
10:36:49	87463	14003	3.120	14676
10:36:50	82042	32558	2.516	14676
10:36:52	61884	13321	3.222	14676
10:36:53	63751	14360	3.299	14676
10:36:54	58772	12714	2.941	14676
10:36:55	77963	13823	2.972	14676
10:36:56	65213	13154	2.871	14676
10:36:57	82971	13687	2.565	14676
10:36:59	70759	13361	2.671	14676
10:37:00	55097	12981	2.902	14676
10:37:01	47758	12583	3.173	14676
10:37:02	63557	13443	2.870	14676
10:37:03	62822	13222	3.055	14676
10:37:05	70473	13876	3.089	14676
10:37:06	65658	13420	3.122	14676
10:37:07	52009	12861	3.382	14676
10:37:08	85762	14687	2.977	14676
10:37:10	79940	15107	3.274	14676
10:37:11	68088	13297	2.820	14676
10:37:12	66422	15156	2.939	14676
10:37:13	60653	14155	3.353	14676
10:37:15	83715	15430	2.979	14676
10:37:16	81686	16250	3.077	14676
10:37:17	84265	15901	3.590	14676
10:37:18	77835	15203	2.910	14676
10:37:20	78649	14273	3.078	14676
10:37:21	85631	17021	3.038	14676
10:37:22	83055	14455	2.880	14676
10:37:23	99983	16231	2.668	14676
10:37:24	85753	16516	2.849	14676
10:37:26	73184	17330	2.974	14676
10:37:27	84354	21743	2.849	14676
10:37:28	85100	21240	2.606	14676
10:37:30	59610	16268	3.032	14676
10:37:31	65172	16025	2.855	14676
10:37:32	72960	14747	3.471	14676
10:37:33	83576	18205	2.868	14676
10:37:34	91282	18637	2.690	14676
10:37:35	89734	19068	2.826	14676
10:37:37	64820	17267	3.968	14676
10:37:38	74874	18845	3.277	14676
10:37:39	78906	16767	3.687	14676
10:37:40	62359	15188	3.297	14676
10:37:41	58012	13995	2.966	14676
10:37:43	52037	14148	2.857	14676
10:37:44	52866	13935	3.848	14676
10:37:45	82905	16344	2.814	14676
10:37:46	68696	15644	2.620	14676
10:37:48	67701	17945	3.026	14676
10:37:49	78167	19140	2.706	14676
10:37:50	104964	15841	3.645	14676
10:37:51	96936	20329	3.106	14676
10:37:52	89017	21144	3.145	14676
10:37:54	104939	27828	2.741	14676
10:37:55	119020	56285	3.454	14676
10:37:56	145871	54632	2.867	14676
10:37:57	74194	13788	3.258	14676
10:37:58	95084	15958	2.645	14676
10:38:00	113911	19875	3.002	14676
10:38:01	92187	20332	2.753	14676
10:38:02	87720	17699	2.408	14676
10:38:03	97514	15760	2.741	14676
10:38:05	67043	14179	3.244	14676
10:38:06	64934	13679	2.702	14676
10:38:07	80327	15577	4.369	14676
10:38:08	85765	15842	2.547	14676
10:38:09	74486	15488	2.993	14676
10:38:11	86420	16671	2.960	14676
10:38:12	81108	17485	3.278	14676
10:38:13	77489	17791	2.894	14676
10:38:14	103223	21021	3.646	14676
10:38:15	95441	16791	3.159	14676
10:38:17	111986	18396	2.781	14676
10:38:18	112769	19672	2.518	14676
10:38:19	122558	21114	2.712	14676
10:38:20	85354	18478	3.275	14676
10:38:21	79969	17846	2.958	14676
10:38:23	72433	19062	2.672	14676
10:38:24	84622	18400	2.811	14676
10:38:25	102251	148368	2.753	14676
10:38:26	95409	54666	2.711	14676
10:38:28	88325	18533	3.305	14676
10:38:29	101599	18743	2.506	14676
10:38:30	84109	18482	2.352	14676
10:38:31	91297	15923	2.432	14676
10:38:32	78694	18117	4.104	14676
10:38:33	100646	18662	2.890	14676
10:38:35	81203	17367	2.901	14676
10:38:36	81444	16129	2.734	14676
10:38:37	75573	17210	2.403	14676
10:38:38	67973	17516	2.558	14676
10:38:40	77060	18007	2.661	14676
10:38:41	61352	18102	3.708	14676
10:38:42	57983	17188	2.624	14676
10:38:43	75658	18396	2.880	14676
10:38:44	91615	29000	3.034	14676
10:38:46	84353	127668	2.972	14676
10:38:47	78100	30522	2.853	14676
10:38:48	71933	169912	2.604	14676
10:38:49	85101	17135	2.808	14676
10:38:51	86017	17174	3.179	14676
10:38:52	80292	16608	2.934	14676
10:38:53	69984	16094	3.961	14676
10:38:54	72770	17839	2.849	14676
10:38:55	75758	45932	3.051	14676
10:38:57	90630	15077	2.809	14676
10:38:58	65755	28209	3.102	14676
10:38:59	86110	47966	2.480	14676
10:39:00	65617	16644	2.756	14676
10:39:01	70700	18823	4.232	14676
10:39:03	76673	32756	2.877	14676
10:39:04	112835	30875	2.587	14676
10:39:05	75226	129499	3.682	14676
10:39:06	85083	19375	3.985	14676
10:39:08	91051	30640	2.964	14676
10:39:09	68702	176962	2.336	14676
10:39:10	68830	31208	4.164	14676
10:39:11	65313	16313	3.024	14676
10:39:13	59026	17656	3.033	14676
10:39:14	47083	15576	3.143	14676
10:39:15	64049	16701	3.046	14676
10:39:16	85415	18834	2.966	14676
10:39:18	77616	18583	4.182	14676
10:39:19	75310	46865	2.370	14676
10:39:20	85487	28383	2.714	14676
10:39:21	77213	133327	2.649	14676
10:39:23	100803	35686	3.055	14676
10:39:24	114833	50127	2.906	14676
10:39:25	94197	163483	3.074	14676
10:39:26	70954	18369	2.534	14676
10:39:28	63809	21851	3.167	14676
10:39:29	48031	16799	3.111	14676
10:39:30	65693	32096	2.844	14676
10:39:31	52313	124314	2.709	14676
10:39:32	56703	22282	3.364	14676
10:39:34	66290	179528	2.979	14676
10:39:35	52620	114947	3.128	14676
10:39:36	49361	17579	2.804	14676
10:39:37	58995	17927	2.740	14676
10:39:38	49853	13429	3.260	14676
10:39:40	50344	13479	3.625	14676
10:39:41	47811	58038	2.700	14676
10:39:42	40138	16874	2.893	14676
10:39:44	42936	14636	3.492	14676
10:39:45	80116	22954	3.131	14676
10:39:46	65439	15115	3.117	14676
10:39:47	72455	20524	2.935	14676
10:39:48	67236	20468	2.860	14676
10:39:50	83945	17404	2.850	14676
10:39:51	84286	24032	2.781	14676
10:39:52	85887	22046	2.268	14676
10:39:53	80201	18687	2.812	14676
10:39:55	83084	22721	3.023	14676
10:39:56	127549	71457	2.492	14676
10:39:57	170301	156247	3.519	14676
10:39:58	83392	17276	3.141	14676
10:39:59	93434	16564	2.666	14676
10:40:01	97559	22113	2.891	14676
10:40:02	90250	19375	3.509	14676
10:40:03	107635	16570	4.349	14676
10:40:04	100260	17721	3.093	14676
10:40:06	97120	16183	2.709	14676
10:40:07	96056	32398	3.375	14676
10:40:08	81192	18687	2.705	14676
10:40:09	85973	19152	2.857	14676
10:40:11	78137	18561	3.055	14676
10:40:12	56464	17109	2.572	14676
10:40:13	58174	17332	4.169	14676
10:40:14	47908	16588	2.980	14676
10:40:15	50163	19176	2.716	14676
10:40:17	95474	190759	3.250	14676
10:40:18	82039	15189	2.907	14676
10:40:19	104033	21517	3.092	14676
10:40:21	98561	68426	2.614	14676
10:40:22	61747	88187	3.022	14676
10:40:23	50926	17973	3.173	14676
10:40:24	52900	20531	3.232	14676
10:40:26	63838	77995	2.943	14676
10:40:27	52968	134020	2.866	14676
10:40:28	58468	17082	3.029	14676
10:40:29	49043	16822	2.620	14676
10:40:31	59211	54408	2.595	14676
10:40:32	65652	15596	3.301	14676
10:40:33	53790	15311	3.071	14676
10:40:34	67404	60204	3.464	14676
10:40:36	70994	19599	3.380	14676
10:40:37	57702	36492	2.955	14676
10:40:38	61673	13830	2.848	14676
10:40:39	52610	12884	2.751	14676
10:40:40	48171	43078	2.924	14676
10:40:42	90248	131267	2.886	14676
10:40:43	64055	23921	2.721	14676
10:40:44	54194	16546	3.180	14676
10:40:45	62049	18795	3.077	14676
10:40:46	60768	13628	3.418	14676
10:40:48	46550	15140	2.920	14676
10:40:49	46062	35037	2.892	14676
10:40:50	65131	14920	2.686	14676
10:40:51	54112	13329	3.884	14676
10:40:53	67645	13516	2.866	14676
10:40:54	59640	18743	3.107	14676
10:40:55	51432	33338	3.248	14676
10:40:57	76891	14437	2.933	14676
10:40:58	83477	18289	3.228	14676
10:40:59	74976	17148	2.806	14676
10:41:00	64835	17132	3.700	14676
10:41:02	80070	38221	2.680	14676
10:41:03	68480	17772	3.078	14676
10:41:04	62779	15853	3.001	14676
10:41:05	60407	16482	2.951	14676
10:41:07	70088	16963	2.912	14676
10:41:08	56962	18108	2.443	14676
10:41:09	100199	28662	2.563	14676
10:41:10	83024	28594	2.727	14676
10:41:12	68537	15657	3.440	14676
10:41:13	83786	15412	2.914	14676
10:41:14	78797	17936	3.286	14676
10:41:15	87491	19892	2.967	14676
10:41:17	116773	21595	2.859	14676
10:41:18	100817	21996	2.613	14676
10:41:19	75590	19431	2.913	14676
10:41:21	87659	42928	4.554	14676
10:41:22	69067	16469	3.386	14676
10:41:23	62362	13124	3.457	14676
10:41:24	50783	13315	2.962	14676
10:41:25	48837	12874	2.913	14676
10:41:27	61448	13993	3.417	14676
10:41:28	55768	12352	2.823	14676
10:41:29	53420	13520	3.076	14676
10:41:30	58086	13327	3.039	14676
10:41:32	50173	13430	2.419	14676
10:41:33	70234	13818	2.474	14676
10:41:34	57522	13747	2.753	14676
10:41:35	63750	13366	3.100	14676
10:41:37	69336	14108	2.658	14676
10:41:38	63160	13418	4.047	14676
10:41:39	47750	13433	2.820	14676
10:41:40	47836	13903	2.869	14676
10:41:42	44632	13716	2.671	14676
10:41:43	45427	14815	3.096	14676
10:41:44	82239	16897	3.123	14676
10:41:45	75621	15672	2.754	14676
10:41:47	98076	12181	4.485	14676
10:41:48	78697	14921	2.965	14676
10:41:50	80574	13889	3.397	14676
10:41:51	76055	17417	2.775	14676
10:41:52	85802	18116	3.076	14676
10:41:53	96136	22191	3.066	14676
10:41:55	58960	16900	3.170	14676
10:41:56	71880	22325	3.240	14676
10:41:57	158366	65021	2.597	14676
10:41:58	112754	42314	2.952	14676
10:42:00	67379	13817	3.486	14676
10:42:01	55866	13775	2.757	14676
10:42:02	48715	18309	2.976	14676
10:42:03	54026	13865	3.372	14676
10:42:05	71408	15245	2.589	14676
10:42:06	88023	15418	3.017	14676
10:42:07	80821	17308	3.966	14676
10:42:08	86505	17614	2.854	14676
10:42:10	90782	19571	3.022	14676
10:42:11	104034	32358	2.758	14676
10:42:12	115489	18325	2.646	14676
10:42:13	110385	26767	2.890	14676
10:42:15	105075	16112	2.765	14676
10:42:16	98480	18224	3.052	14676
10:42:17	112320	19456	3.165	14676
10:42:18	113070	23427	2.736	14676
10:42:20	113608	15996	2.990	14676
10:42:21	124826	19087	2.980	14676
10:42:22	116105	20480	2.321	14676
10:42:23	118616	21086	2.732	14676
10:42:24	111313	20309	3.502	14676
10:42:26	115710	27468	3.058	14676
10:42:27	115924	20536	2.583	14676
10:42:28	112691	20456	2.864	14676
10:42:29	103206	19474	2.942	14676
10:42:31	117808	22141	2.376	14676
10:42:32	110288	20614	2.916	14676
10:42:33	99687	20042	3.964	14676
10:42:34	77301	14645	3.112	14676
10:42:36	74358	14528	3.282	14676
10:42:37	63476	13299	3.286	14676
10:42:38	95416	21559	2.877	14676
10:42:39	94583	15539	2.360	14676
10:42:41	61671	20721	3.244	14676
10:42:42	70534	14369	3.014	14676
10:42:43	81592	14522	3.816	14676
10:42:44	77548	23679	2.763	14676
10:42:46	92533	185296	3.231	14676
10:42:47	87783	13918	2.642	14676
10:42:48	93607	16162	2.287	14676
10:42:49	94689	135099	3.787	14676
10:42:51	76080	14447	3.241	14676
10:42:52	114615	152466	3.539	14676
10:42:53	113477	59429	3.857	14676
10:42:54	88524	18321	2.827	14676
10:42:56	98160	19801	2.305	14676
10:42:57	125317	158068	3.055	14676
10:42:58	107795	18284	2.810	14676
10:42:59	104612	87500	2.805	14676
10:43:01	91792	19951	3.746	14676
10:43:02	96750	183764	2.624	14676
10:43:03	107977	18436	2.461	14676
10:43:04	89695	18546	2.927	14676
10:43:05	100190	24628	2.280	14676
10:43:07	120126	60627	2.742	14676
10:43:08	84590	97200	2.606	14676
10:43:09	95484	15978	3.208	14676
10:43:10	94763	47218	2.885	14676
10:43:11	81208	164249	3.316	14676
10:43:13	79608	19420	3.158	14676
10:43:14	98093	60654	2.200	14676
10:43:15	84636	17874	2.771	14676
10:43:16	108196	30460	2.323	14676
10:43:18	108968	131232	2.602	14676
10:43:19	101044	22009	2.218	14676
10:43:20	93863	82188	2.729	14676
10:43:21	96520	134770	3.339	14676
10:43:22	92520	18617	2.920	14676
10:43:24	70758	18427	3.520	14676
10:43:25	105860	18188	3.205	14676
10:43:26	72397	17754	2.831	14676
10:43:27	73050	16001	2.963	14676
10:43:28	78660	17724	2.854	14676
10:43:30	116126	29392	2.137	14676
10:43:31	140804	170785	2.379	14676
10:43:32	74484	18593	2.517	14676
10:43:33	113696	53097	2.737	14676
10:43:35	91017	170263	2.642	14676
10:43:36	93548	18098	3.658	14676
10:43:37	78374	18356	2.791	14676
10:43:38	82760	19047	2.825	14676
10:43:39	68084	26901	3.618	14676
10:43:41	107485	137109	3.305	14676
10:43:42	74742	45508	2.937	14676
10:43:43	80668	66164	3.120	14676
10:43:44	71054	206743	2.889	14676
10:43:45	82275	15964	3.200	14676
10:43:47	81273	17485	2.421	14676
10:43:48	100950	67981	2.273	14676
10:43:49	86151	42377	2.657	14676
10:43:50	70243	19163	3.624	14676
10:43:52	68257	19752	2.747	14676
10:43:53	66020	18838	2.825	14676
10:43:54	71677	20041	2.899	14676
10:43:55	64076	18543	3.269	14676
10:43:57	85327	34336	3.212	14676
10:43:58	129823	91889	4.198	14676
10:43:59	113234	30986	2.564	14676
10:44:00	58364	17015	2.643	14676
10:44:02	70476	22093	2.709	14676
10:44:03	73937	17334	3.578	14676
10:44:04	88848	16106	3.045	14676
10:44:05	66487	16374	2.704	14676
10:44:06	54310	16052	2.720	14676
10:44:08	49173	15836	2.930	14676
10:44:09	67162	16250	3.473	14676
10:44:10	46397	43759	3.096	14676
10:44:11	47457	19441	2.915	14676
10:44:12	52423	25902	2.886	14676
10:44:14	52900	15952	2.921	14676
10:44:15	50165	23100	2.970	14676
10:44:16	84318	25444	3.508	14676
10:44:17	103710	200523	3.273	14676
10:44:18	88921	15045	2.463	14676
10:44:20	80599	14101	2.222	14676
10:44:21	90385	14890	3.507	14676
10:44:22	127604	22188	2.720	14676
10:44:24	93840	26878	3.328	14676
10:44:25	111283	34346	2.999	14676
10:44:26	96973	197370	3.276	14676
10:44:27	86767	21769	2.846	14676
10:44:28	84244	55371	2.925	14676
10:44:30	72542	60943	2.875	14676
10:44:31	83195	17104	2.863	14676
10:44:32	87410	19354	2.860	14676
10:44:33	57579	17527	2.314	14676
10:44:34	73420	17949	2.794	14676
10:44:36	83769	17642	2.431	14676
10:44:37	73585	16663	2.866	14676
10:44:38	90329	16525	2.795	14676
10:44:39	93071	20190	4.167	14676
10:44:41	89343	18247	3.191	14676
10:44:42	95929	17167	2.913	14676
10:44:43	66937	18930	2.903	14676
10:44:44	58663	17142	2.482	14676
10:44:45	83253	17241	2.795	14676
10:44:47	90322	19547	2.839	14676
10:44:48	95806	17856	2.280	14676
10:44:49	90093	17378	3.471	14676
10:44:50	75958	15475	3.398	14676
10:44:52	76111	16599	3.559	14676
10:44:53	61313	17792	2.831	14676
10:44:54	77120	15876	3.067	14676
10:44:55	58254	16969	2.833	14676
10:44:57	99520	16749	3.098	14676
10:44:58	71291	18355	2.836	14676
10:44:59	78323	17490	2.631	14676
10:45:00	106056	19232	3.037	14676
10:45:01	110236	16214	2.781	14676
10:45:03	97853	17783	2.740	14676
10:45:04	83180	15491	2.879	14676
10:45:05	82176	17112	2.845	14676
10:45:06	92609	28703	2.877	14676
10:45:07	82870	140468	2.925	14676
10:45:09	81949	18189	3.586	14676
10:45:10	89753	27710	2.502	14676
10:45:11	78835	200737	2.359	14676
10:45:12	55145	16702	3.053	14676
10:45:13	65314	26568	2.806	14676
10:45:15	72842	17492	4.861	14676
10:45:16	83816	18081	3.110	14676
10:45:17	94714	17040	2.847	14676
10:45:18	82053	15543	2.808	14676
10:45:20	99555	19833	2.905	14676
10:45:21	78528	47167	3.973	14676
10:45:22	76963	14365	2.764	14676
10:45:23	87599	21355	2.996	14676
10:45:24	77233	41533	4.191	14676
10:45:26	82743	114669	3.041	14676
10:45:27	81519	23150	2.733	14676
10:45:28	84923	80619	3.462	14676
10:45:29	69915	148453	2.530	14676
10:45:31	111078	23629	2.605	14676
10:45:32	106770	21331	2.648	14676
10:45:33	94098	19178	2.845	14676
10:45:34	82572	14762	3.489	14676
10:45:35	90171	39266	2.868	14676
10:45:37	77687	38764	2.991	14676
10:45:38	79698	70783	3.058	14676
10:45:39	93485	17739	4.157	14676
10:45:40	77387	17319	3.020	14676
10:45:41	72241	16002	3.354	14676
10:45:43	69578	42233	2.871	14676
10:45:44	75353	15299	2.714	14676
10:45:45	76129	16314	2.864	14676
10:45:47	91097	15536	2.836	14676
10:45:48	100195	17806	2.817	14676
10:45:49	89613	15462	3.066	14676
10:45:50	95944	16903	2.661	14676
10:45:51	102967	48955	2.609	14676
10:45:52	127574	43113	3.331	14676
10:45:54	109864	25270	2.916	14676
10:45:55	89207	21368	2.884	14676
10:45:56	96473	29973	2.530	14676
10:45:57	111343	167093	3.538	14676
10:45:59	118393	57901	2.862	14676
10:46:00	110418	37173	3.089	14676
10:46:01	92331	19612	4.175	14676
10:46:02	89956	26764	3.569	14676
10:46:04	93072	39052	2.509	14676
10:46:05	114706	25141	2.908	14676
10:46:06	110982	22766	2.377	14676
10:46:08	90642	21717	4.290	14676
10:46:09	71390	16248	2.855	14676
10:46:10	80121	33767	3.258	14676
10:46:11	74775	14726	3.073	14676
10:46:13	66965	13734	2.224	14676
10:46:14	72329	19015	3.270	14676
10:46:15	80833	18141	2.763	14676
10:46:16	99315	18155	2.926	14676
10:46:18	94736	25921	2.844	14676
10:46:19	104116	204024	4.022	14676
10:46:20	87220	15683	2.862	14676
10:46:22	92748	16823	3.320	14676
10:46:23	128761	54225	2.754	14676
10:46:24	103787	141531	2.893	14676
10:46:25	82137	33713	2.543	14676
10:46:26	94460	18659	2.759	14676
10:46:28	72313	17161	3.504	14676
10:46:29	85970	17678	2.593	14676
10:46:30	82877	17990	2.404	14676
10:46:31	82237	14806	3.221	14676
10:46:33	88167	47514	3.263	14676
10:46:34	74354	18479	2.847	14676
10:46:35	74306	18909	3.419	14676
10:46:36	73486	16675	2.521	14676
10:46:37	63690	13760	2.929	14676
10:46:39	91423	14931	3.123	14676
10:46:40	94808	20016	2.885	14676
10:46:41	64793	15998	3.092	14676
10:46:43	66662	17860	2.466	14676
10:46:44	86252	23997	2.238	14676
10:46:45	86032	25298	3.259	14676
10:46:46	96036	18910	3.058	14676
10:46:48	104065	22540	2.643	14676
10:46:49	92448	17103	3.083	14676
10:46:50	122239	29140	2.990	14676
10:46:51	99407	18719	3.421	14676
10:46:53	89141	18556	2.802	14676
10:46:54	79749	17317	3.163	14676
10:46:55	92086	18548	3.944	14676
10:46:57	89925	33915	3.148	14676
10:46:58	85086	15426	2.793	14676
10:46:59	93276	24828	2.798	14676
10:47:00	103789	16371	3.532	14676
10:47:01	82303	19053	3.719	14676
10:47:03	85755	27412	3.145	14676
10:47:04	78811	19038	3.524	14676
10:47:05	86415	19650	3.026	14676
10:47:06	85878	14511	3.039	14676
10:47:08	78995	13651	2.811	14676
10:47:09	84572	14063	2.392	14676
10:47:10	87587	14136	2.702	14676
10:47:11	107579	24085	2.394	14676
10:47:12	113851	15223	3.006	14676
10:47:14	118813	16610	2.848	14676
10:47:15	159822	24452	2.962	14676
10:47:17	111400	15337	2.995	14676
10:47:18	78646	13642	2.765	14676
10:47:19	38115	11486	2.556	14676
10:47:20	33753	11286	2.399	14676
10:47:21	32050	12269	2.374	14676
10:47:23	31978	12544	3.050	14676
10:47:24	62596	25669	2.636	14676
10:47:25	1471	845	3.403	14676
10:47:26	1264	7198	10.914	14676
10:47:27	1308	733	3.510	14676
10:47:29	1267	770	3.136	14676
10:47:30	1160	650	2.966	14676
10:47:31	1684	992	9.836	14676
10:47:32	164	152	2.809	14676
10:47:34	362	314	3.360	14676
10:47:35	164	152	3.425	14676
10:47:36	164	152	3.240	14676
10:47:37	1015	3211	3.052	14676
10:47:38	22406	11714	2.941	14676
10:47:39	5896	4866	2.926	14676
10:47:41	90341	5243	9.682	14676
10:47:42	1255	13367	9.565	14676
10:47:43	164	152	10.153	14676
10:47:44	164	152	10.120	14676
10:47:45	755	296	9.361	14676
10:47:46	164	152	9.600	14676
10:47:48	262	1002	2.848	14676
10:47:49	2342	350	10.124	14676
10:47:50	164	152	9.197	14676
10:47:51	4693	6060	3.496	14676
10:47:52	10177	6387	3.214	14676
10:47:54	5418	4361	3.443	14676
10:47:55	164	152	9.778	14676
10:47:56	164	325	2.914	14676
10:47:57	2901	2940	2.881	14676
10:47:58	3765	4129	3.491	14676
10:48:00	2578	2580	3.401	14676
10:48:01	674	668	8.083	14676
10:48:02	946	758	3.449	14676
10:48:03	374	272	3.317	14676
10:48:05	164	152	3.137	14676
10:48:06	1390	698	4.308	14676
10:48:07	164	152	10.293	14676
10:48:08	164	272	3.256	14676
10:48:09	4978	3615	11.384	14676
10:48:11	8782	6198	2.754	14676
10:48:12	4579	4103	3.225	14676
10:48:13	12016	9700	3.246	14676
10:48:14	11837	189216	9.987	14676
10:48:15	764	756	10.957	14676
10:48:16	4796	1464	2.936	14676
10:48:18	10198	2772	3.117	14676
10:48:19	8419	121514	3.290	14676
10:48:20	164	152	2.586	14676
10:48:21	8877	44510	3.342	14676
10:48:22	3558	145107	10.071	14676
10:48:23	3012	523	10.052	14676
10:48:25	509	284	3.353	14676
10:48:26	164	152	2.903	14676
10:48:27	1616	20786	9.568	14676
10:48:28	14947	66122	3.284	14676
10:48:29	586	20611	2.822	14676
10:48:30	1769	428	3.012	14676
10:48:31	379	218	3.394	14676
10:48:33	567	284	3.276	14676
10:48:34	929	362	3.402	14676
10:48:35	1698	20734	3.333	14676
10:48:36	1124	296	2.832	14676
10:48:37	5304	6536	2.897	14676
10:48:38	16809	126649	4.485	14676
10:48:40	164	152	9.989	14676
10:48:41	6912	6299	3.201	14676
10:48:42	19173	214032	2.688	14676
10:48:43	164	152	10.132	14676
10:48:44	4568	1124	9.248	14676
10:48:46	2173	4435	3.534	14676
10:48:47	12066	9852	3.247	14676
10:48:48	8625	123881	2.787	14676
10:48:49	5025	2206	4.014	14676
10:48:50	10269	10923	2.899	14676
10:48:51	10858	191494	9.784	14676
10:48:52	7138	68585	10.591	14676
10:48:54	64262	29221	2.359	14676
10:48:55	63211	60047	3.368	14676
10:48:56	19399	36909	3.728	14676
10:48:57	751	586	3.868	14676
10:48:58	1517	3527	2.928	14676
10:48:59	11933	10609	2.864	14676
10:49:00	7703	119832	9.349	14676
10:49:01	3658	1788	3.193	14676
10:49:02	9707	9052	3.059	14676
10:49:03	12491	191878	3.229	14676
10:49:05	743	414	9.493	14676
10:49:06	164	152	11.041	14676
10:49:07	6469	38157	3.011	14676
10:49:08	7418	49133	2.834	14676
10:49:09	14505	129720	3.292	14676
10:49:10	907	568	9.785	14676
10:49:11	6366	5855	2.324	14676
10:49:12	13503	13222	3.174	14676
10:49:13	5605	240035	2.946	14676
10:49:14	764	2327	2.727	14676
10:49:15	2727	218	9.924	14676
10:49:16	2580	782	2.785	14676
10:49:18	2162	1274	2.870	14676
10:49:19	2337	1406	2.900	14676
10:49:20	1700	4252	3.727	14676
10:49:21	11255	9700	2.635	14676
10:49:22	7832	121898	9.662	14676
10:49:23	3011	3463	2.885	14676
10:49:24	18762	70527	3.155	14676
10:49:25	5358	189865	9.133	14676
10:49:26	3570	296	3.622	14676
10:49:27	1124	2351	2.909	14676
10:49:29	1616	2474	9.867	14676
10:49:30	2567	2408	2.862	14676
10:49:31	830	548	2.874	14676
10:49:32	2604	284	3.189	14676
10:49:33	362	218	8.993	14676
10:49:34	1362	1821	3.087	14676
10:49:35	11821	9426	2.994	14676
10:49:36	30262	135268	2.722	14676
10:49:37	105883	73545	2.890	-
10:49:38	28789	4572	3.010	-
10:49:39	346	1186	3.383	-
10:49:41	12770	21678	3.198	27614
10:49:42	152169	98255	2.705	27614
10:49:43	70502	50324	2.808	27614
10:49:44	39380	28496	2.770	27614
10:49:45	20073	11248	9.403	27614
10:49:46	5816	4310	2.926	27614
10:49:47	4789	1382	2.899	27614
10:49:48	230	861	2.253	27614
10:49:49	164	845	3.027	27614
10:49:50	230	405	3.321	27614
10:49:52	1700	2108	9.369	-
10:49:54	230	315	2.968	27793
10:49:55	48040	44003	3.223	27793
10:49:56	4910	3960	8.890	27793
10:49:57	13287	8460	3.186	27793
10:49:58	164	891	3.491	27793
10:49:59	234	770	9.615	27793
10:50:00	362	793	9.847	27793
10:50:01	561	966	2.743	27793
10:50:02	1625	973	3.174	27793
10:50:03	472	573	10.761	27793
10:50:04	13547	8503	3.819	27793
10:50:06	4421	1131	4.566	27793
10:50:07	230	452	3.441	27793
10:50:08	750	594	3.568	27793
10:50:09	230	421	5.819	27793
10:50:10	2498	912	9.672	27793
10:50:11	18542	8095	3.267	27793
10:50:12	1847	1173	3.043	27793
10:50:13	164	249	10.232	27793
10:50:14	1015	2877	9.381	27793
10:50:15	1081	3334	4.486	27793
10:50:16	3313	447	9.962	27793
10:50:18	949	2823	10.569	27793
10:50:19	14704	4530	3.266	27793
10:50:20	93534	28090	2.835	27793
10:50:21	100286	68383	3.101	27793
10:50:22	1179069	263356	1.865	27793
10:50:23	100571	56678	2.815	27793
10:50:24	47241	16322	2.879	27793
10:50:25	29580	3508	2.810	27793
10:50:27	790	542	3.108	27793
10:50:28	2283	1201	3.920	27793
10:50:29	98	98	9.820	27793
10:50:30	1015	2877	9.408	27793
10:50:31	164	152	9.899	27793
10:50:32	164	152	9.561	27793
10:50:33	164	152	10.176	27793
10:50:35	230	272	9.520	27793
10:50:36	164	152	9.688	27793
10:50:37	164	152	9.536	27793
10:50:38	164	152	9.496	27793
10:50:39	164	152	8.963	27793
10:50:40	164	152	9.430	27793
10:50:41	164	152	9.647	27793
10:50:42	1081	2931	8.855	27793
10:50:43	164	152	9.858	27793
10:50:45	262	250	3.115	27793
10:50:46	480	296	3.309	27793
10:50:47	98	98	10.008	27793
10:50:48	164	152	9.618	27793
10:50:49	164	2807	3.017	27793
10:50:50	949	284	2.557	27793
10:50:51	164	152	3.404	27793
10:50:52	164	98	2.295	27793
10:50:53	308	398	3.219	27793
10:50:54	2024	1784	2.664	27793
10:50:55	764	1076	3.062	27793
10:50:56	14735	202987	2.855	27793
10:50:58	3924	362	3.145	27793
10:50:59	335	218	9.251	27793
10:51:00	435	218	9.477	27793
10:51:01	1862	5460	11.489	27793
10:51:02	2505	428	3.343	27793
10:51:03	583	284	3.508	27793
10:51:04	1013	534	9.544	27793
10:51:05	512	404	3.490	27793
10:51:06	425	218	2.904	27793
10:51:07	2230	1742	3.334	27793
10:51:09	1545	1040	3.525	27793
10:51:10	1897	1352	9.130	27793
10:51:11	6005	5343	4.145	27793
10:51:12	6950	14044	9.823	27793
10:51:13	586	284	9.618	27793
10:51:14	341	218	11.061	27793
10:51:15	921	284	10.061	27793
10:51:16	8273	8554	3.085	27793
10:51:17	16027	128625	3.111	27793
10:51:19	230	152	10.030	27793
10:51:20	6740	7100	10.561	27793
10:51:21	17001	202223	3.300	27793
10:51:22	3518	824	2.910	27793
10:51:23	499	284	9.716	27793
10:51:24	422	464	3.081	27793
10:51:25	508	326	3.323	27793
10:51:26	164	152	10.609	27793
10:51:27	338	272	9.472	27793
10:51:29	271	218	9.590	27793
10:51:30	275	218	10.070	27793
10:51:31	4117	30159	3.283	27793
10:51:32	4051	1538	2.846	27793
10:51:33	2489	1438	3.039	27793
10:51:34	2350	1472	2.813	27793
10:51:35	2149	1208	3.397	27793
10:51:37	10895	12562	3.504	27793
10:51:38	10161	125049	9.337	27793
10:51:39	3263	1545	3.201	27793
10:51:40	886	2775	3.244	27793
10:51:41	11873	9920	3.158	27793
10:51:43	26327	208491	9.585	27793
10:51:44	4182	746	3.573	27793
10:51:45	1768	2084	3.453	27793
10:51:47	13031	419100	2.740	27793
10:51:48	18125	12506	3.381	27793
10:51:49	4572	592	3.247	27793
10:51:50	276	164	10.166	27793
10:51:51	3731	55923	3.300	27793
10:51:53	3979	1688	2.970	27793
10:51:54	5813	4583	3.468	27793
10:51:55	6285	4764	10.608	27793
10:51:56	4864	4002	11.041	27793
10:51:57	5036	3739	9.551	27793
10:51:58	566	284	2.869	27793
10:51:59	345	218	10.333	27793
10:52:01	558	284	9.636	27793
10:52:02	346	218	10.041	27793
10:52:03	873	350	9.586	27793
10:52:04	335	218	2.970	27793
10:52:05	1310	666	9.590	27793
10:52:06	12364	31860	2.711	27793
10:52:07	13397	154865	3.891	27793
10:52:08	164	25058	2.915	27793
10:52:09	8743	7255	2.924	27793
10:52:10	18899	416513	2.977	27793
10:52:11	1454	362	2.824	27793
10:52:13	3273	404	2.779	27793
10:52:14	1662	25420	3.568	27793
10:52:15	320	260	10.971	27793
10:52:16	2636	680	2.788	27793
10:52:17	2361	1406	3.468	27793
10:52:18	2413	1406	3.192	27793
10:52:19	2240	1340	3.365	27793
10:52:20	3474	29310	3.097	27793
10:52:21	22495	46442	3.058	27793
10:52:23	8790	7718	3.851	27793
10:52:24	7261	5559	3.310	27793
10:52:25	44421	21095	3.223	27793
10:52:26	2222	1208	2.756	27793
10:52:27	2446	1436	2.990	27793
10:52:29	2461	1472	3.069	27793
10:52:30	3110	1789	2.750	27793
10:52:31	2353	1406	3.100	27793
10:52:32	2394	1460	3.356	27793
10:52:33	2481	1406	3.066	27793
10:52:34	4254	29441	2.549	27793
10:52:35	14265	12608	3.310	27793
10:52:36	14719	46149	3.316	27793
10:52:37	9122	400720	2.926	27793
10:52:39	4729	1265	3.021	27793
10:52:40	4420	1566	2.666	27793
10:52:41	2971	1364	5.075	27793
10:52:42	5280	7096	2.990	27793
10:52:43	42597	34911	2.269	27793
10:52:44	43237	447899	3.104	27793
10:52:45	164	152	9.676	27793
10:52:46	4486	1124	3.100	27793
10:52:48	5722	6478	3.537	27793
10:52:49	13265	27751	3.222	27793
10:52:50	4875	148923	9.336	27793
10:52:51	7439	6185	2.738	27793
10:52:52	12966	51463	3.127	27793
10:52:53	8781	416491	9.390	27793
10:52:54	3660	428	2.383	27793
10:52:55	11592	12222	2.927	27793
10:52:56	13809	12094	2.823	27793
10:52:57	11304	419531	2.418	27793
10:52:58	98	98	6.701	27793
10:53:00	5016	1256	2.818	27793
10:53:01	81908	38275	2.805	27793
10:53:02	631692	95200	2.708	27793
10:53:03	3435218	23609	10.623	27793
10:53:04	1506	1206	3.385	27793
10:53:05	1177	296	9.606	27793
10:53:06	2962	41909	3.849	27793
10:53:08	382	218	10.080	27793
10:53:09	417	218	6.119	27793
10:53:10	527	284	9.993	27793
10:53:11	2840	1376	3.323	27793
10:53:12	1311	1463	2.866	27793
10:53:13	9739	9474	2.934	27793
10:53:14	10271	129790	3.485	27793
10:53:16	98	98	10.637	27793
10:53:17	31691	22921	2.968	27793
10:53:18	54108	177392	3.489	27793
10:53:19	9407	304744	9.503	27793
10:53:20	4177	494	9.704	27793
10:53:21	2439	1100	9.455	27793
10:53:23	11794	12041	3.478	27793
10:53:24	13418	12571	5.177	27793
10:53:25	11514	425497	9.296	27793
10:53:26	164	152	10.423	27793
10:53:27	6091	2927	2.930	27793
10:53:28	13796	80642	2.609	27793
10:53:29	16294	29629	2.386	27793
10:53:31	11576	408929	2.915	27793
10:53:32	428	152	9.884	27793
10:53:33	3321	758	9.834	27793
10:53:34	635	572	9.677	27793
10:53:35	2136	362	9.616	27793
10:53:36	612	296	10.415	27793
10:53:37	1287	284	9.044	27793
10:53:38	811	518	3.399	27793
10:53:39	339	218	9.793	27793
10:53:41	1016	638	10.025	27793
10:53:42	399	218	10.307	27793
10:53:43	2030	69656	3.398	27793
10:53:44	2719	16043	3.453	27793
10:53:45	2119	34909	2.892	27793
10:53:46	828	500	2.844	27793
10:53:47	1414	859	3.258	27793
10:53:48	677	392	3.316	27793
10:53:50	2361	35318	2.739	27793
10:53:51	371	218	3.195	27793
10:53:52	3357	5887	2.755	27793
10:53:53	17054	22248	2.622	27793
10:53:54	17876	15265	3.786	27793
10:53:55	16696	133427	10.002	27793
10:53:56	18702	12211	2.900	27793
10:53:57	21889	14328	2.584	27793
10:53:58	14397	464098	3.229	27793
10:53:59	2733	434	2.977	27793
10:54:00	3419	2024	10.397	27793
10:54:02	2955	1286	3.412	27793
10:54:03	2359	1394	2.780	27793
10:54:04	2514	1460	2.913	27793
10:54:05	4863	1959	2.440	27793
10:54:06	3663	1814	2.973	27793
10:54:07	2348	1472	2.909	27793
10:54:09	4153	29901	3.436	27793
10:54:10	8685	3229	3.442	27793
10:54:11	28608	50978	3.365	27793
10:54:12	94817	23767	3.086	27793
10:54:13	30822	11782	2.989	27793
10:54:15	42831	45670	2.654	27793
10:54:17	969576	160396	3.230	27793
10:54:19	21079	15976	3.413	27793
10:54:20	7025	8737	3.114	27793
10:54:22	15491	130683	3.360	27793
10:54:23	2997	1880	3.586	27793
10:54:24	1633	19303	3.694	27793
10:54:26	851	767	3.550	27793
10:54:27	542	572	3.413	27793
10:54:28	662	614	9.538	27793
10:54:29	1543	51439	9.166	27793
10:54:30	164	206	4.445	27793
10:54:32	362	260	2.439	27793
10:54:33	1148	992	3.163	27793
10:54:34	164	152	9.363	27793
10:54:35	1371	17748	9.800	27793
10:54:36	2915	1344	2.695	27793
10:54:38	1148	496	9.517	27793
10:54:39	164	152	9.338	27793
10:54:40	4019	4424	3.179	27793
10:54:41	14230	127359	2.769	27793
10:54:43	12742	310294	2.313	27793
10:54:44	2428	1208	2.716	27793
10:54:45	2566	4881	3.219	27793
10:54:46	20660	63651	3.371	27793
10:54:47	2210	74475	3.413	27793
10:54:48	6078	2130	3.461	27793
10:54:50	2740	1091	2.849	27793
10:54:51	2392	1100	6.939	27793
10:54:52	1037	570	2.426	27793
10:54:53	2189	569	3.169	27793
10:54:54	559	630	3.726	27793
10:54:56	1978	28188	11.189	27793
10:54:57	645	584	2.857	27793
10:54:58	22610	14893	3.192	27793
10:54:59	123800	29102	2.702	27793
10:55:00	114283	29939	4.007	27793
10:55:02	11748	8085	2.863	27793
10:55:03	3730	7504	3.028	27793
10:55:05	7493	18497	3.480	27793
10:55:06	5499	19693	2.742	27793
10:55:07	4210	17131	2.667	27793
10:55:08	3920	17015	2.246	27793
10:55:09	5319	14404	2.307	27793
10:55:10	92400	28059	2.776	27793
10:55:12	372237	17866	2.762	27793
10:55:13	29883	10510	2.940	27793
10:55:14	12360	10678	2.901	27793
10:55:15	14130	12531	2.818	27793
10:55:16	13917	12876	3.340	27793
10:55:18	66056	22622	3.308	27793
10:55:19	126138	35311	2.740	27793
10:55:20	18182	12743	2.817	27793
10:55:21	12707	12768	3.157	27793
10:55:22	12144	11840	3.031	27793
10:55:24	12118	11735	3.931	27793
10:55:25	12533	11652	2.456	27793
10:55:26	12370	12164	3.581	27793
10:55:27	13318	19313	2.879	27793
10:55:28	12825	18918	2.849	27793
10:55:30	12487	12473	3.441	27793
10:55:31	13555	18676	2.777	27793
10:55:32	12621	12662	2.825	27793
10:55:33	15042	12736	2.857	27793
10:55:35	14729	17508	3.363	27793
10:55:36	12644	12177	2.923	27793
10:55:37	30601	14905	2.719	27793
10:55:38	67241	13748	2.829	27793
10:55:39	12739	12177	3.105	27793
10:55:41	12524	12257	3.086	27793
10:55:42	11650	11995	3.107	27793
10:55:43	18687	22405	4.058	27793
10:55:44	20098	19326	2.904	27793
10:55:45	13890	13560	3.441	27793
10:55:47	13830	12619	2.780	27793
10:55:48	14566	12777	2.854	27793
10:55:49	13524	12107	3.382	27793
10:55:50	12681	12660	3.328	27793
10:55:51	11995	11896	3.095	27793
10:55:53	12204	12196	3.010	27793
10:55:54	18648	18072	2.850	27793
10:55:55	18171	22986	2.834	27793
10:55:56	18777	19076	2.793	27793
10:55:58	18117	19747	3.361	27793
10:55:59	12260	12345	3.058	27793
10:56:00	12284	11961	3.076	27793
10:56:01	13722	13254	3.125	27793
10:56:03	13879	13692	3.292	27793
10:56:04	14063	12486	2.944	27793
10:56:05	12440	12625	3.160	27793
10:56:06	12474	12415	2.941	27793
10:56:07	12264	12351	3.574	27793
10:56:09	12056	12217	2.805	27793
10:56:10	12895	13075	3.236	27793
10:56:11	12949	13385	3.253	27793
10:56:12	13245	12603	3.263	27793
10:56:14	12769	23619	4.807	27793
10:56:15	14600	15183	3.269	27793
10:56:16	19768	20246	2.906	27793
10:56:17	44207	40182	2.358	27793
10:56:18	64444	49558	3.207	27793
10:56:20	14320	14022	3.117	27793
10:56:21	23221	18340	3.957	27793
10:56:22	11926	11721	2.846	27793
10:56:23	13460	12996	2.913	27793
10:56:24	11993	12089	2.951	27793
10:56:26	11608	12136	3.150	27793
10:56:27	17228	12576	2.928	27793
10:56:28	56541	12466	3.030	27793
10:56:29	13958	8327	2.885	27793
10:56:31	20111	12718	3.673	27793
10:56:32	16321	15500	2.852	27793
10:56:33	14495	15795	2.652	27793
10:56:34	22275	17899	3.592	27793
10:56:36	20610	16486	2.748	27793
10:56:37	25413	100113	3.397	27793
10:56:38	21338	370601	3.445	27793
10:56:39	15358	12283	23.567	27793
10:56:40	13738	12457	3.185	27793
10:56:41	20160	145520	3.261	27793
10:56:43	12841	11861	2.440	27793
10:56:44	20826	133428	2.654	27793
10:56:45	27933	320656	2.834	27793
10:56:46	15626	12690	2.987	27793
10:56:47	13516	12660	2.975	27793
10:56:48	22460	21995	3.242	27793
10:56:50	21881	141139	2.870	27793
10:56:51	25336	64635	4.199	27793
10:56:52	22210	21784	3.350	27793
10:56:53	26477	448608	2.373	27793
10:56:55	12418	12022	2.581	27793
10:56:56	21545	20211	23.279	27793
10:56:57	51876	146591	2.979	27793
10:56:58	74585	47899	2.627	27793
10:57:00	16847	46888	2.880	27793
10:57:01	14558	12488	2.904	27793
10:57:02	24573	56770	2.903	27793
10:57:03	24053	440031	2.776	27793
10:57:04	15136	13134	2.172	27793
10:57:06	14339	86716	3.288	27793
10:57:07	15243	18670	3.279	27793
10:57:08	12050	11776	3.053	27793
10:57:09	14104	12236	3.256	27793
10:57:10	12990	11969	3.047	27793
10:57:12	22163	18706	2.810	27793
10:57:13	23447	144695	2.946	27793
10:57:14	104306	45592	2.776	27793
10:57:15	73539	29862	2.564	27793
10:57:16	75255	452300	3.567	27793
10:57:17	35474	16995	2.431	27793
10:57:19	35196	15071	3.108	27793
10:57:20	21904	13827	3.269	27793
10:57:21	24590	13152	3.225	27793
10:57:22	21142	12212	3.278	27793
10:57:23	27558	24039	2.865	27793
10:57:25	37275	146636	2.972	27793
10:57:26	21989	11511	3.093	27793
10:57:27	28215	80692	2.991	27793
10:57:28	24674	12281	2.771	27793
10:57:29	24967	38335	2.667	27793
10:57:31	26345	16562	3.410	27793
10:57:32	24592	10994	15.203	27793
10:57:33	23102	14421	2.867	27793
10:57:35	38778	45921	2.607	27793
10:57:36	39494	431112	2.961	27793
10:57:37	24796	12968	3.168	27793
10:57:38	22317	15399	3.319	27793
10:57:40	25305	16656	3.210	27793
10:57:41	25093	14505	2.823	27793
10:57:42	26299	42244	3.037	27793
10:57:43	42420	68588	2.769	27793
10:57:44	33409	158129	2.810	27793
10:57:46	25567	16658	3.085	27793
10:57:47	25309	17064	2.705	27793
10:57:48	24460	15305	2.966	27793
10:57:49	35753	28529	2.943	27793
10:57:51	36503	450466	2.740	27793
10:57:52	25111	16374	3.337	27793
10:57:53	27764	17962	2.748	27793
10:57:54	31115	20841	4.072	27793
10:57:56	28263	19176	2.903	27793
10:57:59	28820	49953	-	27793
10:58:00	83708	179121	2.930	27793
10:58:01	23052	16734	3.692	27793
10:58:02	26204	17909	2.812	27793
10:58:04	27398	15296	2.999	27793
10:58:05	24783	15771	3.352	27793
10:58:06	22907	14512	3.645	27793
10:58:07	33703	27838	2.706	27793
10:58:08	34653	456788	3.467	27793
10:58:10	26584	16553	2.840	27793
10:58:11	21760	13233	3.889	27793
10:58:12	25418	15952	3.137	27793
10:58:13	25917	43947	2.772	27793
10:58:14	23419	14175	3.077	27793
10:58:16	33973	25438	21.721	27793
10:58:17	41549	152164	2.940	27793
10:58:18	71963	54334	3.517	27793
10:58:19	65680	44288	3.417	27793
10:58:20	39775	32070	3.035	27793
10:58:22	38324	99488	2.865	27793
10:58:23	25633	357380	4.283	27793
10:58:24	25282	33965	2.870	27793
10:58:25	24843	12975	2.851	27793
10:58:27	24778	14098	3.488	27793
10:58:28	32209	17260	2.711	27793
10:58:29	22948	14080	2.720	27793
10:58:30	26153	46096	2.852	27793
10:58:32	25328	36415	2.962	27793
10:58:33	23563	36208	4.017	27793
10:58:34	28817	36604	3.942	27793
10:58:35	25074	16140	3.342	27793
10:58:36	42194	47035	2.383	27793
10:58:38	25434	121258	2.474	27793
10:58:39	26681	37447	2.489	27793
10:58:40	25854	15692	4.913	27793
10:58:41	24163	17432	2.972	27793
10:58:43	39393	28157	2.918	27793
10:58:44	40557	453988	3.261	27793
10:58:45	32886	15661	2.506	27793
10:58:46	28550	12887	3.850	27793
10:58:47	27898	34708	3.548	27793
10:58:49	29479	15237	4.609	27793
10:58:50	34282	16602	2.755	27793
10:58:51	34041	46115	3.164	27793
10:58:52	29463	13860	3.169	27793
10:58:53	29107	13183	4.575	27793
10:58:55	27030	14620	2.747	27793
10:58:56	27581	13304	2.851	27793
10:58:57	26126	12846	2.233	27793
10:58:58	26607	13711	2.755	27793
10:59:00	27985	36621	2.791	27793
10:59:01	28295	16581	3.123	27793
10:59:02	31081	13238	3.261	27793
10:59:03	26113	14126	2.799	27793
10:59:04	33741	15754	2.266	27793
10:59:05	37016	27411	2.661	27793
10:59:07	28624	13736	2.922	27793
10:59:08	29903	12887	4.014	27793
10:59:09	30193	11651	2.822	27793
10:59:10	30348	12128	3.069	27793
10:59:11	33681	12339	2.476	27793
10:59:13	45078	12032	3.468	27793
10:59:14	48220	14257	2.907	27793
10:59:15	47077	14812	3.546	27793
10:59:16	43020	15820	3.162	27793
10:59:17	50939	48548	3.452	27793
10:59:19	59620	28801	2.807	27793
10:59:20	57909	146214	19.160	27793
10:59:21	52274	15898	3.081	27793
10:59:22	42558	14505	3.770	27793
10:59:24	47871	15788	3.403	27793
10:59:25	59293	16122	2.980	27793
10:59:26	56920	14441	3.392	27793
10:59:27	49955	13716	2.799	27793
10:59:29	51852	14254	2.928	27793
10:59:30	59163	17567	2.990	27793
10:59:31	44850	17721	4.760	27793
10:59:32	45563	16501	3.809	27793
10:59:34	43044	34168	2.841	27793
10:59:35	42309	15963	3.478	27793
10:59:37	42577	16348	4.044	27793
10:59:38	72376	29272	2.803	27793
10:59:39	51965	15130	3.086	27793
10:59:40	55139	17274	2.843	27793
10:59:42	53987	14808	2.490	27793
10:59:43	44547	15242	2.346	27793
10:59:44	48154	13675	2.754	27793
10:59:45	53316	21965	2.994	27793
10:59:47	51974	15546	3.945	27793
10:59:48	60837	36806	270.667	27793
10:59:49	102756	32446	3.030	27793
10:59:50	49538	25581	3.361	27793
10:59:52	44625	11762	2.881	27793
10:59:53	49928	13497	3.105	27793
10:59:54	67827	20010	2.925	27793
10:59:55	82457	40257	2.570	27793
10:59:57	70023	30983	2.938	27793
10:59:58	54210	17914	3.122	27793
10:59:59	54754	14491	2.546	27793
11:00:00	52456	14017	2.993	27793
11:00:02	59558	14892	3.083	27793
11:00:03	59088	15498	2.817	27793
11:00:04	45616	27345	2.983	27793
11:00:05	83070	14757	3.155	27793
11:00:06	57395	12666	3.046	27793
11:00:08	55364	13991	3.602	27793
11:00:09	55458	16350	2.818	27793
11:00:10	51140	12529	2.830	27793
11:00:11	82884	9969	2.640	27793
11:00:13	94163	20099	3.627	27793
11:00:14	62952	20629	4.325	27793
11:00:15	49947	12785	2.871	27793
11:00:16	62277	25536	3.226	27793
11:00:18	76188	22397	2.528	27793
11:00:19	124759	64259	2.183	27793
11:00:20	82653	25943	3.286	27793
11:00:21	3156	2158	3.393	27793
11:00:22	1095	554	9.982	27793
11:00:24	230	206	9.758	27793
11:00:25	164	152	11.508	27793
11:00:26	733	218	9.624	27793
11:00:27	164	152	9.721	27793
11:00:28	164	152	3.487	27793
11:00:30	16687	8342	3.448	27793
11:00:31	7667	12373	3.364	27793
11:00:32	60032	20573	2.695	27793
11:00:33	109912	26730	2.446	27793
11:00:34	109115	42079	3.011	27793
11:00:35	107604	26528	2.745	27793
11:00:36	50918	11628	3.015	27793
11:00:37	2206	4365	9.480	27793
11:00:39	5636	13068	5.279	27793
11:00:40	4862	19495	2.712	27793
11:00:41	5414	14648	4.653	27793
11:00:42	4117	16510	2.737	27793
11:00:43	3392	13527	2.499	27793
11:00:45	2402	5877	2.777	27793
11:00:46	5292	14996	2.838	27793
11:00:47	3852	19160	2.529	27793
11:00:48	4447	16821	2.548	27793
11:00:50	4418	15728	2.757	27793
11:00:51	3788	14621	2.939	27793
11:00:52	2804	4927	2.752	27793
11:00:53	56932	12270	2.925	27793
11:00:55	63479	7454	3.782	27793
11:00:56	93356	12308	2.917	27793
11:00:57	56355	16046	3.333	27793
11:00:58	52126	14485	2.894	27793
11:01:00	54657	14772	3.277	27793
11:01:01	52424	13391	2.869	27793
11:01:02	50186	13769	2.351	27793
11:01:03	48632	12944	3.212	27793
11:01:05	51353	13589	3.612	27793
11:01:06	52894	15288	3.437	27793
11:01:07	60714	20323	2.884	27793
11:01:08	55182	22835	2.871	27793
11:01:09	62509	465672	3.451	27793
11:01:11	53168	14781	2.803	27793
11:01:12	52416	16366	3.229	27793
11:01:13	62597	17763	3.200	27793
11:01:14	65237	141991	3.007	27793
11:01:16	58238	73016	3.200	27793
11:01:17	71207	404936	2.999	27793
11:01:18	65282	18057	2.930	27793
11:01:19	55728	35345	4.123	27793
11:01:20	51393	35892	2.912	27793
11:01:22	59925	39611	2.410	27793
11:01:23	86477	65357	2.787	27793
11:01:24	59273	16854	3.241	27793
11:01:26	64474	15668	2.878	27793
11:01:27	73753	51697	2.865	27793
11:01:28	56734	137215	2.455	27793
11:01:29	50965	16367	2.865	27793
11:01:31	75744	87786	4.129	27793
11:01:32	67181	399535	2.891	27793
11:01:33	60811	14259	3.040	27793
11:01:34	72836	38579	2.802	27793
11:01:36	56088	15339	2.778	27793
11:01:37	51761	18056	2.841	27793
11:01:38	51385	16025	3.375	27793
11:01:40	52394	18274	2.664	27793
11:01:41	69244	58290	3.138	27793
11:01:42	63123	153869	2.911	27793
11:01:43	58289	19442	3.305	27793
11:01:45	77128	27658	2.765	27793
11:01:46	74465	222455	2.573	27793
11:01:47	63064	284516	4.253	27793
11:01:48	56265	17757	3.721	27793
11:01:49	66191	17696	2.968	27793
11:01:50	53247	14949	4.486	27793
11:01:52	52699	16152	2.819	27793
11:01:53	50804	16532	2.646	27793
11:01:54	66312	20329	3.379	27793
11:01:55	58876	21695	2.872	27793
11:01:57	61684	71602	3.516	27793
11:01:58	72948	19795	3.060	27793
11:01:59	67336	16808	2.963	27793
11:02:00	56384	16077	3.004	27793
11:02:02	55996	16189	3.130	27793
11:02:03	68203	27136	3.632	27793
11:02:04	72706	148832	2.821	27793
11:02:05	64863	58757	3.823	27793
11:02:06	55127	16604	3.185	27793
11:02:08	61025	19112	2.572	27793
11:02:09	59172	18697	2.677	27793
11:02:10	53931	19119	3.081	27793
11:02:11	55753	18058	2.718	27793
11:02:13	52106	19851	2.412	27793
11:02:14	72945	20432	3.336	27793
11:02:15	71810	19946	3.369	27793
11:02:16	67234	15963	4.025	27793
11:02:17	76537	40669	3.088	27793
11:02:19	99962	52956	3.335	27793
11:02:20	98477	50350	2.530	27793
11:02:21	64117	57604	3.091	27793
11:02:22	76923	444850	5.143	27793
11:02:24	64893	18421	3.231	27793
11:02:25	57092	18993	3.016	27793
11:02:26	53861	15611	3.193	27793
11:02:27	58862	18400	3.129	27793
11:02:28	52173	15892	2.826	27793
11:02:30	48088	18065	3.185	27793
11:02:31	59673	24903	3.519	27793
11:02:32	96794	90816	3.266	27793
11:02:33	58168	93222	3.532	27793
11:02:35	60354	21226	3.592	27793
11:02:36	73149	52714	2.972	27793
11:02:37	76180	182124	4.744	27793
11:02:38	54718	301911	2.987	27793
11:02:39	55588	17167	2.764	27793
11:02:41	53990	17834	3.060	27793
11:02:42	55508	14332	2.968	27793
11:02:43	55394	14506	2.979	27793
11:02:44	58322	16328	2.960	27793
11:02:46	67383	18690	3.147	27793
11:02:47	85775	18950	3.137	27793
11:02:48	68413	15526	3.667	27793
11:02:49	61870	14596	3.190	27793
11:02:51	61915	16935	2.977	27793
11:02:52	65573	30304	3.051	27793
11:02:53	51083	14654	3.032	27793
11:02:54	50607	13930	2.867	27793
11:02:56	51337	13445	3.120	27793
11:02:57	56611	14039	2.808	27793
11:02:58	66140	25040	2.841	27793
11:02:59	65954	147601	3.318	27793
11:03:00	58418	15430	2.946	27793
11:03:02	68832	26271	3.148	27793
11:03:03	74721	465927	2.789	27793
11:03:04	71689	35713	5.072	27793
11:03:05	60837	35284	2.881	27793
11:03:06	65800	16436	2.900	27793
11:03:08	69576	36742	2.850	27793
11:03:09	57031	15195	3.243	27793
11:03:10	55304	17639	3.032	27793
11:03:11	65207	35170	3.206	27793
11:03:12	64883	44222	2.416	27793
11:03:14	65726	18366	2.868	27793
11:03:15	71271	14985	2.521	27793
11:03:16	61228	16356	2.273	27793
11:03:17	64074	17998	2.392	27793
11:03:18	61358	18581	4.020	27793
11:03:20	68420	37905	2.822	27793
11:03:21	53694	17560	3.491	27793
11:03:22	60417	24689	3.647	27793
11:03:23	66838	148385	3.387	27793
11:03:24	66586	19460	2.448	27793
11:03:26	61030	19059	3.039	27793
11:03:27	60461	19951	2.917	27793
11:03:28	59971	18050	3.369	27793
11:03:29	57258	16579	3.239	27793
11:03:31	52938	15786	2.822	27793
11:03:32	64804	35495	3.363	27793
11:03:33	54694	16648	3.291	27793
11:03:34	72322	25428	3.023	27793
11:03:36	62498	15936	2.480	27793
11:03:37	53337	37745	2.563	27793
11:03:38	51863	18787	2.948	27793
11:03:40	65485	19856	3.451	27793
11:03:41	52638	15187	3.168	27793
11:03:42	56062	15195	3.705	27793
11:03:43	76622	29334	2.837	27793
11:03:45	73336	471960	2.483	27793
11:03:46	85932	21839	2.807	27793
11:03:47	61787	19366	2.851	27793
11:03:48	67475	30818	3.266	27793
11:03:49	79166	152454	5.002	27793
11:03:51	52136	44939	3.035	27793
11:03:52	79138	18656	2.837	27793
11:03:53	67195	15475	3.253	27793
11:03:54	58416	24647	3.011	27793
11:03:56	72623	20722	99.752	27793
11:03:57	70270	21539	4.208	27793
11:03:58	74481	45680	3.370	27793
11:03:59	79344	18665	2.625	27793
11:04:01	50468	13483	2.802	27793
11:04:02	54093	14136	2.713	27793
11:04:03	70465	15321	3.282	27793
11:04:04	64240	16358	3.013	27793
11:04:06	72174	16480	3.193	27793
11:04:07	76674	16408	2.812	27793
11:04:08	69843	15905	2.845	27793
11:04:09	71975	16681	2.880	27793
11:04:11	70987	17591	3.241	27793
11:04:12	64429	15321	2.782	27793
11:04:13	90764	20137	3.219	27793
11:04:15	70981	16495	3.196	27793
11:04:16	77360	26382	2.567	27793
11:04:17	66851	16633	2.807	27793
11:04:18	68044	26235	3.026	27793
11:04:19	96032	50883	3.279	27793
11:04:21	109328	42373	3.737	27793
11:04:22	53318	17203	2.860	27793
11:04:23	61905	23552	2.839	27793
11:04:24	56760	20757	2.601	27793
11:04:26	57384	19195	2.850	27793
11:04:27	55554	17741	2.943	27793
11:04:28	56020	16316	3.647	27793
11:04:30	64924	19189	2.787	27793
11:04:31	52083	17705	2.751	27793
11:04:32	66909	30463	2.893	27793
11:04:33	46553	17039	3.210	27793
11:04:35	46136	22519	3.307	27793
11:04:36	49827	22826	2.820	27793
11:04:37	55057	16175	2.811	27793
11:04:38	62794	22409	2.816	27793
11:04:40	64790	15405	3.084	27793
11:04:41	52255	15809	2.449	27793
11:04:42	52606	23471	2.988	27793
11:04:43	55884	16076	3.415	27793
11:04:45	54310	14639	2.488	27793
11:04:46	48058	16752	3.235	27793
11:04:47	48095	18007	2.479	27793
11:04:48	65462	16870	3.424	27793
11:04:50	53880	15261	2.791	27793
11:04:51	65254	22601	2.811	27793
11:04:52	52101	18002	3.218	27793
11:04:53	56331	17451	2.832	27793
11:04:55	62214	19584	3.233	27793
11:04:56	72140	19807	3.173	27793
11:04:57	72474	18343	2.627	27793
11:04:58	59983	18103	2.964	27793
11:04:59	63069	15365	3.169	27793
11:05:01	65421	14688	2.741	27793
11:05:02	66979	15316	3.038	27793
11:05:04	99010	29026	3.113	27793
11:05:05	66952	21966	2.808	27793
11:05:06	73404	16395	3.053	27793
11:05:07	73431	14458	3.428	27793
11:05:08	65667	17639	2.855	27793
11:05:10	61181	15293	3.018	27793
11:05:11	51233	16674	3.953	27793
11:05:12	49679	16356	2.826	27793
11:05:13	48470	14719	2.965	27793
11:05:15	54895	13891	3.039	27793
11:05:16	62722	14508	3.286	27793
11:05:17	66594	16655	3.256	27793
11:05:18	53041	14316	2.968	27793
11:05:19	55834	16471	2.976	27793
11:05:21	46754	15627	2.781	27793
11:05:22	48529	29997	3.788	27793
11:05:23	47775	15774	2.461	27793
11:05:24	45417	14007	2.250	27793
11:05:26	41258	16352	3.141	27793
11:05:27	46702	17171	3.060	27793
11:05:28	42572	17262	2.972	27793
11:05:29	41987	15741	2.791	27793
11:05:31	39656	14572	2.541	27793
11:05:32	37796	16342	2.720	27793
11:05:33	40489	17021	2.687	27793
11:05:34	48339	17453	3.555	27793
11:05:36	48427	15365	3.245	27793
11:05:37	58301	21892	3.208	27793
11:05:39	44353	18584	2.806	27793
11:05:40	53398	16986	2.620	27793
11:05:41	49697	17757	3.846	27793
11:05:42	59970	16224	2.738	27793
11:05:44	61856	16794	2.801	27793
11:05:45	54340	14310	2.935	27793
11:05:46	75587	19543	2.387	27793
11:05:47	65009	15064	2.768	27793
11:05:48	61542	15867	3.179	27793
11:05:50	61748	15639	2.996	27793
11:05:51	63889	23319	3.292	27793
11:05:52	72002	25488	2.644	27793
11:05:53	62280	77044	3.049	27793
11:05:55	56573	424000	2.690	27793
11:05:56	54902	23708	2.767	27793
11:05:57	55429	22919	2.799	27793
11:05:58	58735	42143	2.374	27793
11:05:59	56164	126912	3.520	27793
11:06:01	57178	16785	2.703	27793
11:06:02	61886	468211	2.643	27793
11:06:03	50820	16238	2.888	27793
11:06:04	48552	15272	2.870	27793
11:06:05	62440	19622	3.075	27793
11:06:07	84329	119665	2.807	27793
11:06:08	68184	150941	3.242	27793
11:06:09	51549	38718	2.500	27793
11:06:10	52091	22733	3.052	27793
11:06:12	77237	482896	2.975	27793
11:06:13	56019	19405	3.183	27793
11:06:14	62819	37237	2.779	27793
11:06:15	54512	15033	3.028	27793
11:06:16	49291	17231	2.803	27793
11:06:18	60262	19026	3.141	27793
11:06:19	69859	32245	2.631	27793
11:06:20	119851	62274	3.240	27793
11:06:21	93560	187994	3.325	27793
11:06:23	63702	48366	3.020	27793
11:06:24	68297	34074	2.645	27793
11:06:25	64935	473043	2.546	27793
11:06:26	54590	17504	2.843	27793
11:06:28	51637	17749	3.195	27793
11:06:29	47760	16341	2.980	27793
11:06:30	60728	14675	2.905	27793
11:06:31	54900	17386	3.045	27793
11:06:32	71866	29817	2.504	27793
11:06:34	66146	36898	2.408	27793
11:06:35	57679	22202	2.306	27793
11:06:36	68939	175830	2.519	27793
11:06:37	63665	24640	2.787	27793
11:06:38	67271	55261	2.845	27793
11:06:40	77203	72151	3.659	27793
11:06:41	58610	413061	3.256	27793
11:06:42	52841	36679	2.953	27793
11:06:43	65359	19439	2.849	27793
11:06:45	66940	20786	2.915	27793
11:06:46	52948	16506	3.019	27793
11:06:47	66078	16668	3.005	27793
11:06:48	70943	16305	2.843	27793
11:06:49	62601	16828	2.935	27793
11:06:51	80366	16802	3.280	27793
11:06:52	55894	59935	2.716	27793
11:06:53	63563	41430	2.856	27793
11:06:54	60153	19517	3.005	27793
11:06:56	62928	19059	3.333	27793
11:06:57	66695	23293	3.358	27793
11:06:58	66482	157737	3.252	27793
11:06:59	61053	17902	2.989	27793
11:07:01	82782	23107	3.050	27793
11:07:02	88005	494364	2.869	27793
11:07:03	58503	18225	2.833	27793
11:07:05	61985	19837	2.925	27793
11:07:06	55412	16439	2.837	27793
11:07:07	62142	20514	4.657	27793
11:07:08	70390	17436	2.773	27793
11:07:10	68069	17469	3.389	27793
11:07:11	50510	14527	3.310	27793
11:07:12	64713	42267	3.024	27793
11:07:13	58149	14574	3.340	27793
11:07:14	59440	13845	2.760	27793
11:07:15	48552	12715	2.856	27793
11:07:17	46471	13791	2.687	27793
11:07:18	49360	14594	2.838	27793
11:07:19	50183	14810	3.376	27793
11:07:20	61212	15158	3.141	27793
11:07:21	63407	14194	2.832	27793
11:07:23	51034	13603	3.649	27793
11:07:24	47338	13450	3.260	27793
11:07:25	50888	14382	3.411	27793
11:07:26	52569	14108	2.758	27793
11:07:27	55783	13773	3.325	27793
11:07:29	44963	12967	3.336	27793
11:07:30	46733	16769	3.054	27793
11:07:31	49719	18129	4.341	27793
11:07:32	58351	45175	3.331	27793
11:07:34	60635	128173	3.089	27793
11:07:35	48286	14775	3.274	27793
11:07:36	43024	14770	2.808	27793
11:07:37	43295	14844	2.833	27793
11:07:38	34782	12964	3.115	27793
11:07:40	40094	15150	3.184	27793
11:07:41	44036	15090	2.833	27793
11:07:42	50766	14781	3.046	27793
11:07:43	52320	14230	3.573	27793
11:07:44	41855	14457	2.920	27793
11:07:46	55412	18906	2.888	27793
11:07:47	54030	34404	3.149	27793
11:07:48	46060	15532	3.232	27793
11:07:49	46425	16588	3.229	27793
11:07:51	49188	15386	3.316	27793
11:07:52	50082	18936	2.278	27793
11:07:53	43688	17522	3.174	27793
11:07:55	67794	83998	2.317	27793
11:07:56	54417	433216	2.759	27793
11:07:57	66101	22417	3.146	27793
11:07:58	47549	18558	2.775	27793
11:07:59	43175	15068	2.861	27793
11:08:01	66417	17586	2.521	27793
11:08:02	66422	51515	3.166	27793
11:08:03	54445	19623	2.873	27793
11:08:04	48547	33096	2.593	27793
11:08:06	61447	18165	2.786	27793
11:08:07	54145	17903	2.683	27793
11:08:08	47820	30996	3.222	27793
11:08:09	64204	27981	2.346	27793
11:08:11	66758	15749	5.701	27793
11:08:12	54527	15706	2.898	27793
11:08:13	50842	15994	2.989	27793
11:08:14	54543	15917	2.579	27793
11:08:15	61250	16532	2.858	27793
11:08:17	62283	34498	2.768	27793
11:08:18	84684	20829	2.801	27793
11:08:19	94978	32931	2.768	27793
11:08:20	102462	47687	4.154	27793
11:08:22	103905	48026	2.892	27793
11:08:23	86738	147504	2.777	27793
11:08:24	78338	33612	3.280	27793
11:08:25	77166	18553	2.522	27793
11:08:27	80072	16698	2.383	27793
11:08:28	59248	16449	2.857	27793
11:08:29	61701	32607	3.493	27793
11:08:30	55489	16013	3.285	27793
11:08:31	61256	16827	2.635	27793
11:08:33	68651	28389	2.752	27793
11:08:34	56248	15415	2.779	27793
11:08:35	52532	15137	4.836	27793
11:08:36	72632	33587	2.333	27793
11:08:38	80112	16358	2.799	27793
11:08:39	66600	14468	2.182	27793
11:08:40	69447	17699	3.406	27793
11:08:41	97294	19470	2.623	27793
11:08:42	80618	17215	2.633	27793
11:08:44	94894	18988	2.884	27793
11:08:45	83964	15674	3.651	27793
11:08:46	88903	16633	3.034	27793
11:08:47	92534	31749	2.868	27793
11:08:49	93967	17656	2.850	27793
11:08:50	99849	19364	2.923	27793
11:08:51	113979	26003	3.453	27793
11:08:52	86986	29328	2.820	27793
11:08:53	73810	17326	3.245	27793
11:08:55	67077	17014	3.847	27793
11:08:56	74914	17916	2.452	27793
11:08:57	57490	17287	3.158	27793
11:08:58	56432	15446	2.862	27793
11:09:00	64520	17267	3.094	27793
11:09:01	56286	17080	2.946	27793
11:09:02	80811	13061	6.854	27793
11:09:03	112459	13383	3.234	27793
11:09:04	61670	20339	2.856	27793
11:09:06	56539	20272	2.382	27793
11:09:07	66181	19094	3.755	27793
11:09:08	55529	14926	2.409	27793
11:09:09	62385	15214	2.983	27793
11:09:11	79375	15435	3.789	27793
11:09:12	66424	16902	2.501	27793
11:09:13	58415	16530	3.072	27793
11:09:14	56788	14667	2.809	27793
11:09:16	69496	18663	3.839	27793
11:09:17	91065	22983	3.262	27793
11:09:18	69507	17938	3.642	27793
11:09:20	58383	18335	2.822	27793
11:09:21	69452	18717	4.010	27793
11:09:22	66152	29328	2.942	27793
11:09:23	64345	13979	2.859	27793
11:09:25	90950	19146	3.826	27793
11:09:26	54826	15395	2.362	27793
11:09:27	49215	13327	2.876	27793
11:09:29	56430	20343	3.491	27793
11:09:30	63006	15553	2.846	27793
11:09:31	63688	14302	2.883	27793
11:09:33	60282	16786	3.456	27793
11:09:34	77873	17759	3.080	27793
11:09:35	49860	15419	3.616	27793
11:09:37	54922	14175	2.900	27793
11:09:38	51273	20481	2.380	27793
11:09:39	63241	14493	2.906	27793
11:09:40	65800	13583	3.235	27793
11:09:42	67663	14247	2.944	27793
11:09:43	65127	15587	3.083	27793
11:09:44	74234	14642	3.741	27793
11:09:45	77490	14814	3.039	27793
11:09:46	81080	20539	3.138	27793
11:09:48	60971	15181	2.749	27793
11:09:49	65862	14673	2.583	27793
11:09:50	65090	20981	2.861	27793
11:09:51	64584	19233	2.665	27793
11:09:53	77212	21828	3.005	27793
11:09:54	68506	18462	3.278	27793
11:09:55	69206	25094	3.038	27793
11:09:56	83205	42254	3.113	27793
11:09:57	53956	18575	3.496	27793
11:09:59	61478	19263	2.361	27793
11:10:00	60486	16903	3.043	27793
11:10:01	54329	17000	3.084	27793
11:10:02	56913	18919	2.324	27793
11:10:04	71246	21375	2.867	27793
11:10:05	55524	14653	3.608	27793
11:10:06	55274	14578	2.966	27793
11:10:07	67416	27155	2.375	27793
11:10:09	62621	16625	2.955	27793
11:10:10	55616	16204	3.225	27793
11:10:11	47899	18695	3.351	27793
11:10:12	56276	15471	2.866	27793
11:10:14	62459	16307	4.330	27793
11:10:15	55858	17703	3.106	27793
11:10:16	64095	18549	3.481	27793
11:10:17	53998	17622	3.417	27793
11:10:19	62596	21121	2.628	27793
11:10:20	88491	40647	3.461	27793
11:10:21	81518	41463	2.580	27793
11:10:22	75764	29989	2.691	27793
11:10:24	57544	18596	2.839	27793
11:10:25	66018	20648	2.964	27793
11:10:26	60768	25160	3.332	27793
11:10:28	66177	487324	2.363	27793
11:10:29	54242	19656	2.924	27793
11:10:30	57615	14317	3.262	27793
11:10:31	54650	18938	3.039	27793
11:10:32	68064	156537	2.244	27793
11:10:34	73997	24563	2.738	27793
11:10:35	53917	70329	2.901	27793
11:10:36	56215	422995	2.996	27793
11:10:37	52578	16110	2.513	27793
11:10:38	48668	18436	2.873	27793
11:10:40	52977	15880	2.777	27793
11:10:41	54805	18935	3.271	27793
11:10:42	48733	15278	2.781	27793
11:10:43	61900	13909	2.922	27793
11:10:44	57057	12939	3.176	27793
11:10:46	59175	13927	2.913	27793
11:10:47	67636	18615	3.552	27793
11:10:48	104180	158878	2.821	27793
11:10:49	68742	16094	2.923	27793
11:10:50	72978	24049	3.980	27793
11:10:52	66322	487236	2.875	27793
11:10:53	54515	44855	3.524	27793
11:10:54	52528	45861	2.820	27793
11:10:55	56074	43125	3.319	27793
11:10:56	71905	14672	2.940	27793
11:10:58	53240	13218	3.503	27793
11:10:59	54206	13479	3.225	27793
11:11:00	63117	43426	3.169	27793
11:11:01	65076	13253	2.489	27793
11:11:03	58127	46650	3.417	27793
11:11:04	50955	13895	3.111	27793
11:11:05	44421	14602	3.342	27793
11:11:06	43758	16852	2.729	27793
11:11:07	41152	17001	3.361	27793
11:11:09	40367	45641	3.498	27793
11:11:10	39237	13241	3.279	27793
11:11:11	47904	20299	3.138	27793
11:11:12	62909	158225	2.688	27793
11:11:13	48775	13845	2.842	27793
11:11:15	52147	20606	2.761	27793
11:11:16	72360	482602	4.423	27793
11:11:17	51856	13391	3.027	27793
11:11:18	59006	14628	3.113	27793
11:11:20	57060	14931	2.687	27793
11:11:21	57152	45381	2.528	27793
11:11:22	56993	15991	4.000	27793
11:11:23	46138	25817	2.950	27793
11:11:24	53404	17108	2.909	27793
11:11:26	46844	45345	3.417	27793
11:11:27	56275	15691	2.680	27793
11:11:28	55209	18606	3.268	27793
11:11:29	43207	15107	2.838	27793
11:11:30	51285	16886	3.357	27793
11:11:32	54871	16513	2.869	27793
11:11:33	50933	19793	4.364	27793
11:11:34	46269	14500	3.054	27793
11:11:35	42383	15414	2.801	27793
11:11:37	44710	16632	2.822	27793
11:11:38	49736	16943	2.895	27793
11:11:39	49450	57599	4.206	27793
11:11:40	47438	18638	3.275	27793
11:11:42	48162	17393	3.034	27793
11:11:43	45183	15205	3.579	27793
11:11:44	54552	18238	3.668	27793
11:11:45	46680	16788	3.489	27793
11:11:46	52898	18481	2.603	27793
11:11:48	77646	16387	3.218	27793
11:11:49	71253	25427	6.312	27793
11:11:50	72924	28457	2.567	27793
11:11:52	59345	150320	2.864	27793
11:11:53	67109	21082	3.142	27793
11:11:54	89441	81855	3.291	27793
11:11:55	76042	435978	2.732	27793
11:11:57	76311	20032	2.743	27793
11:11:58	53889	15927	2.796	27793
11:11:59	52915	15046	3.045	27793
11:12:00	41996	15991	3.042	27793
11:12:01	13059	12333	3.065	27793
11:12:03	12223	12181	4.287	27793
11:12:04	28114	13430	3.211	27793
11:12:05	55258	44035	2.313	27793
11:12:06	59651	18150	2.824	27793
11:12:07	50081	15321	2.609	27793
11:12:09	56811	26022	2.511	27793
11:12:10	57139	157143	2.924	27793
11:12:11	48184	17980	2.815	27793
11:12:12	52617	18567	3.081	27793
11:12:14	51749	14636	2.849	27793
11:12:15	43337	17332	3.322	27793
11:12:16	39022	17141	3.251	27793
11:12:17	57813	16612	3.548	27793
11:12:19	48781	13604	3.241	27793
11:12:20	72551	71294	2.734	27793
11:12:21	77803	36515	2.567	27793
11:12:23	95949	54983	2.243	27793
11:12:24	60736	37663	2.798	27793
11:12:25	53485	17449	2.971	27793
11:12:26	54759	32535	2.742	27793
11:12:28	47309	15875	2.840	27793
11:12:29	56674	17301	2.974	27793
11:12:30	53687	15478	3.583	27793
11:12:31	51172	14063	3.243	27793
11:12:33	44311	16035	2.636	27793
11:12:34	68792	26537	2.695	27793
11:12:35	52524	33879	2.495	27793
11:12:36	46083	13935	3.588	27793
11:12:38	56645	16885	2.914	27793
11:12:39	60368	24462	3.776	27793
11:12:40	81081	18279	2.701	27793
11:12:41	57280	14900	2.944	27793
11:12:43	72455	16433	2.939	27793
11:12:44	78382	17446	2.847	27793
11:12:45	73557	16529	2.828	27793
11:12:46	75709	16152	2.866	27793
11:12:48	83949	36709	3.409	27793
11:12:49	72184	17099	3.100	27793
11:12:50	79287	20842	2.793	27793
11:12:51	80391	16882	3.102	27793
11:12:53	82933	16719	2.962	27793
11:12:54	85446	17712	3.414	27793
11:12:55	65705	17573	2.613	27793
11:12:56	67497	17119	2.988	27793
11:12:58	74857	17957	2.810	27793
11:12:59	83313	20659	3.354	27793
11:13:00	77337	16748	2.774	27793
11:13:01	66313	15708	2.888	27793
11:13:03	69837	17453	2.724	27793
11:13:04	80819	17573	3.450	27793
11:13:05	58735	41311	2.421	27793
11:13:06	56437	17449	3.157	27793
11:13:07	54799	17955	2.921	27793
11:13:09	62853	15080	3.211	27793
11:13:10	67533	16938	2.804	27793
11:13:11	80517	16274	2.942	27793
11:13:13	64056	15301	3.060	27793
11:13:14	84050	18267	3.232	27793
11:13:16	62330	13277	2.897	27793
11:13:17	74196	15381	3.128	27793
11:13:18	61935	14292	4.111	27793
11:13:19	61647	13356	3.286	27793
11:13:21	64490	14122	2.930	27793
11:13:22	60226	13272	2.743	27793
11:13:23	55791	13171	2.643	27793
11:13:24	50567	14077	2.709	27793
11:13:26	50580	13578	2.965	27793
11:13:27	55510	13369	2.907	27793
11:13:28	44224	12348	2.813	27793
11:13:29	51649	14836	3.133	27793
11:13:30	48778	13007	2.875	27793
11:13:32	45949	12813	2.839	27793
11:13:33	45146	12354	2.422	27793
11:13:34	47687	12686	3.162	27793
11:13:35	45387	13091	3.063	27793
11:13:37	40977	12528	3.280	27793
11:13:38	44530	12937	3.207	27793
11:13:39	37882	12482	3.010	27793
11:13:40	44553	15615	2.552	27793
11:13:41	41338	13503	2.833	27793
11:13:43	42433	12824	3.603	27793
11:13:44	58107	17248	2.828	27793
11:13:45	49071	16707	3.405	27793
11:13:47	56777	14372	2.315	27793
11:13:48	74431	20620	4.325	27793
11:13:49	77431	20316	2.551	27793
11:13:51	57197	23120	2.840	27793
11:13:52	62005	24191	3.308	27793
11:13:53	60160	22232	2.795	27793
11:13:54	68790	21479	2.821	27793
11:13:56	61583	19328	3.352	27793
11:13:57	64307	19644	3.344	27793
11:13:58	58520	24778	50.401	27793
11:13:59	84558	16649	3.838	27793
11:14:01	74158	17268	3.045	27793
11:14:02	71799	15869	4.203	27793
11:14:04	65392	14719	5.384	27793
11:14:05	90205	18179	2.889	27793
11:14:06	64733	21204	2.874	27793
11:14:07	60380	13259	2.797	27793
11:14:08	61879	16865	2.654	27793
11:14:10	64683	15627	3.348	27793
11:14:11	57857	14593	3.077	27793
11:14:12	74047	20756	3.659	27793
11:14:13	86463	75191	3.434	27793
11:14:15	69717	433527	3.212	27793
11:14:16	66245	19018	3.073	27793
11:14:17	66791	20739	3.299	27793
11:14:18	75173	40793	2.268	27793
11:14:19	65147	147522	2.753	27793
11:14:21	87123	51511	2.812	27793
11:14:22	120463	148478	2.956	27793
11:14:23	102663	404096	3.171	27793
11:14:24	74790	17652	2.922	27793
11:14:26	79194	20586	2.889	27793
11:14:27	67817	22687	2.048	27793
11:14:28	74562	61248	2.589	27793
11:14:29	79239	17426	2.775	27793
11:14:31	69168	19110	2.893	27793
11:14:32	79580	20007	2.416	27793
11:14:33	67774	17497	2.900	27793
11:14:34	68944	27581	2.898	27793
11:14:36	62797	16702	3.035	27793
11:14:37	48620	39070	2.843	27793
11:14:38	70289	17649	2.884	27793
11:14:40	57649	18152	3.451	27793
11:14:41	45628	15157	3.961	27793
11:14:42	42830	14791	2.414	27793
11:14:43	51770	15975	2.778	27793
11:14:44	49933	14934	2.758	27793
11:14:46	55117	15911	3.792	27793
11:14:47	57357	13233	2.662	27793
11:14:48	57123	13728	2.896	27793
11:14:49	56354	16116	3.740	27793
11:14:51	63649	14924	3.085	27793
11:14:52	56287	15085	2.644	27793
11:14:53	67531	14643	2.742	27793
11:14:54	94692	17524	3.159	27793
11:14:55	78932	23095	3.472	27793
11:14:57	80816	16560	3.012	27793
11:14:58	71555	16981	3.146	27793
11:14:59	62502	18500	4.006	27793
11:15:00	64330	14976	3.989	27793
11:15:02	73534	14982	2.909	27793
11:15:03	95854	17730	2.931	27793
11:15:04	69951	13997	3.138	27793
11:15:06	68846	15316	2.993	27793
11:15:07	70839	19619	3.098	27793
11:15:08	63264	17292	2.917	27793
11:15:09	59286	15579	2.519	27793
11:15:11	50359	14289	3.558	27793
11:15:12	77283	22794	2.503	27793
11:15:13	67114	24900	2.629	27793
11:15:15	50664	17500	3.261	27793
11:15:16	47657	16155	2.861	27793
11:15:17	60677	18365	3.411	27793
11:15:18	50768	17071	3.399	27793
11:15:19	61703	27199	2.809	27793
11:15:21	57701	16399	2.888	27793
11:15:22	56950	15722	2.986	27793
11:15:23	61494	16587	2.642	27793
11:15:24	68107	13334	2.825	27793
11:15:26	70195	16464	3.728	27793
11:15:27	59042	15429	2.745	27793
11:15:28	62074	15591	2.786	27793
11:15:29	60904	15100	3.388	27793
11:15:30	58735	15295	3.133	27793
11:15:31	53731	16491	2.969	27793
11:15:33	46306	12553	3.040	27793
11:15:34	58042	15623	3.142	27793
11:15:35	44263	21081	3.350	27793
11:15:36	49025	12388	2.919	27793
11:15:38	50755	18523	3.093	27793
11:15:39	54080	12873	2.883	27793
11:15:40	63924	13805	3.839	27793
11:15:41	67275	14773	3.394	27793
11:15:42	61261	19428	2.832	27793
11:15:44	52313	15923	3.382	27793
11:15:45	54004	15221	3.879	27793
11:15:46	50541	15373	2.902	27793
11:15:47	58129	19186	3.163	27793
11:15:49	58867	16613	3.012	27793
11:15:50	48913	20176	2.649	27793
11:15:51	53549	13982	2.454	27793
11:15:52	51846	14879	3.469	27793
11:15:53	56227	19711	2.953	27793
11:15:55	51328	20530	3.000	27793
11:15:56	42553	17234	2.924	27793
11:15:57	49465	19467	2.869	27793
11:15:58	54145	14792	3.569	27793
11:16:00	51901	15811	2.747	27793
11:16:01	46388	13185	3.251	27793
11:16:02	57530	35882	3.254	27793
11:16:03	66919	504274	3.170	27793
11:16:04	56393	18317	2.923	27793
11:16:06	58673	20659	3.690	27793
11:16:07	68363	156531	2.779	27793
11:16:08	65482	16279	2.831	27793
11:16:09	82898	512081	2.393	27793
11:16:11	71232	14552	2.588	27793
11:16:12	83670	17039	2.817	27793
11:16:13	87499	21438	2.953	27793
11:16:14	101805	160284	2.904	27793
11:16:15	77416	64154	2.672	27793
11:16:17	79990	20999	2.721	27793
11:16:18	93903	118262	2.773	27793
11:16:20	121911	420280	2.924	27793
11:16:21	100172	40603	2.831	27793
11:16:22	84741	36094	2.742	27793
11:16:24	88092	37169	3.108	27793
11:16:25	67580	26849	2.813	27793
11:16:26	54705	20605	3.216	27793
11:16:27	55523	17249	2.755	27793
11:16:29	64150	18360	3.612	27793
11:16:30	66599	17815	3.096	27793
11:16:31	67527	68971	2.942	27793
11:16:32	64030	16035	3.285	27793
11:16:33	64084	20597	2.452	27793
11:16:35	66430	29814	3.775	27793
11:16:36	47974	17260	3.066	27793
11:16:37	48079	16984	3.197	27793
11:16:38	54160	18633	3.197	27793
11:16:39	47056	18238	3.266	27793
11:16:41	46237	17538	2.923	27793
11:16:42	65463	18260	2.845	27793
11:16:43	49154	17038	2.894	27793
11:16:44	51778	18320	3.126	27793
11:16:46	52461	16885	3.601	27793
11:16:47	64481	17276	3.406	27793
11:16:48	64454	14617	3.264	27793
11:16:49	66798	16529	3.063	27793
11:16:50	60903	17014	3.706	27793
11:16:52	58176	17928	3.623	27793
11:16:53	74721	21405	2.928	27793
11:16:54	64462	19404	3.478	27793
11:16:55	73020	19369	3.028	27793
11:16:57	79967	19835	2.878	27793
11:16:58	79881	20487	3.284	27793
11:16:59	94615	21476	2.841	27793
11:17:00	71959	19411	2.517	27793
11:17:02	79041	15051	3.732	27793
11:17:03	81279	15711	3.551	27793
11:17:04	86038	14914	2.921	27793
11:17:05	76004	15309	3.530	27793
11:17:07	77986	15604	2.800	27793
11:17:08	59302	14005	3.038	27793
11:17:09	84611	16002	3.236	27793
11:17:10	86645	26760	3.110	27793
11:17:12	55204	159401	2.239	27793
11:17:13	49067	13980	3.478	27793
11:17:14	55741	25099	2.877	27793
11:17:16	92581	516995	2.905	27793
11:17:17	72584	14669	3.243	27793
11:17:18	58497	14809	3.466	27793
11:17:19	56818	14143	2.459	27793
11:17:20	53529	12585	2.321	27793
11:17:22	55034	13464	3.327	27793
11:17:23	51125	13284	2.876	27793
11:17:24	69777	20119	2.971	27793
11:17:25	83943	196606	2.942	27793
11:17:27	62538	14986	3.213	27793
11:17:28	53539	13977	4.472	27793
11:17:29	47854	13470	2.749	27793
11:17:30	49392	13338	2.660	27793
11:17:32	54296	13053	2.694	27793
11:17:33	53448	14707	2.469	27793
11:17:34	52569	14702	2.781	27793
11:17:35	56148	13618	2.939	27793
11:17:36	51298	13411	2.891	27793
11:17:38	57633	15949	2.530	27793
11:17:39	53600	17341	3.334	27793
11:17:40	45948	34922	3.058	27793
11:17:41	77163	34908	2.715	27793
11:17:43	65072	48086	3.073	27793
11:17:44	71698	22037	2.720	27793
11:17:46	64111	48699	2.724	27793
11:17:47	63779	484622	2.984	27793
11:17:48	60769	41275	2.452	27793
11:17:49	54335	17067	2.383	27793
11:17:50	57033	17716	3.331	27793
11:17:52	58859	17012	3.018	27793
11:17:53	54065	14337	3.348	27793
11:17:54	75891	20298	3.178	27793
11:17:55	63345	41607	2.751	27793
11:17:57	64514	19853	3.137	27793
11:17:58	60095	14626	3.045	27793
11:17:59	54480	15348	3.631	27793
11:18:00	59539	28310	2.883	27793
11:18:01	63472	32826	3.028	27793
11:18:03	56208	153745	3.393	27793
11:18:04	65119	17441	2.339	27793
11:18:05	71212	15900	2.820	27793
11:18:06	61833	16442	2.981	27793
11:18:08	61629	36452	3.249	27793
11:18:09	61206	16027	2.982	27793
11:18:10	62216	15652	2.847	27793
11:18:11	55949	30405	3.215	27793
11:18:13	47069	14148	3.143	27793
11:18:14	59099	15295	3.354	27793
11:18:15	62267	14778	3.504	27793
11:18:16	60111	32633	2.929	27793
11:18:18	74851	16805	3.413	27793
11:18:19	56229	14827	2.896	27793
11:18:20	55344	19895	3.005	27793
11:18:21	74782	36263	2.936	27793
11:18:23	82026	34566	2.304	27793
11:18:24	86875	38498	3.309	27793
11:18:25	64907	23416	3.185	27793
11:18:26	68209	53578	3.137	27793
11:18:27	47784	15480	3.076	27793
11:18:29	51993	15764	2.935	27793
11:18:30	49692	22773	2.676	27793
11:18:31	40250	12959	3.171	27793
11:18:32	56575	14620	3.376	27793
11:18:34	45205	14152	3.094	27793
11:18:35	100812	33044	3.254	27793
11:18:36	73410	15363	2.907	27793
11:18:38	68818	17817	3.101	27793
11:18:39	60175	16941	3.281	27793
11:18:40	51925	13562	3.476	27793
11:18:41	46615	16339	2.720	27793
11:18:43	56868	14528	3.410	27793
11:18:44	48128	15595	3.738	27793
11:18:45	72301	18676	2.403	27793
11:18:46	57790	16060	3.023	27793
11:18:48	87277	16934	3.429	27793
11:18:49	65538	17163	2.984	27793
11:18:50	71154	16859	3.336	27793
11:18:51	64028	16510	3.106	27793
11:18:53	65486	15392	3.038	27793
11:18:54	65681	16910	2.699	27793
11:18:55	60930	16325	2.961	27793
11:18:56	62212	18069	3.499	27793
11:18:58	56061	15243	2.901	27793
11:18:59	48309	13217	3.994	27793
11:19:00	72311	16786	3.458	27793
11:19:01	60342	14246	3.270	27793
11:19:03	52511	13317	2.929	27793
11:19:04	55538	14433	2.959	27793
11:19:05	52994	15208	4.416	27793
11:19:06	50687	13732	3.028	27793
11:19:08	63537	13750	2.966	27793
11:19:09	65663	14735	2.961	27793
11:19:10	69177	15719	2.997	27793
11:19:11	76905	31685	2.662	27793
11:19:13	62743	19344	2.853	27793
11:19:14	49484	22485	2.939	27793
11:19:15	49058	17822	3.456	27793
11:19:16	53173	15412	3.344	27793
11:19:17	78846	15638	2.261	27793
11:19:19	65945	22945	2.929	27793
11:19:20	74580	15388	2.855	27793
11:19:21	62011	13652	2.930	27793
11:19:23	63229	15201	2.579	27793
11:19:24	91555	18401	2.495	27793
11:19:25	71912	16474	2.343	27793
11:19:26	64461	21313	3.050	27793
11:19:28	62116	16442	2.955	27793
11:19:29	60422	17060	2.803	27793
11:19:30	59657	16558	6.387	27793
11:19:31	57966	17531	2.651	27793
11:19:33	55306	13936	2.660	27793
11:19:34	56418	14464	3.472	27793
11:19:35	63211	14833	2.835	27793
11:19:36	56893	13843	3.702	27793
11:19:38	57348	15498	3.113	27793
11:19:39	55893	19301	3.317	27793
11:19:40	54127	15722	3.158	27793
11:19:42	53450	21914	2.742	27793
11:19:43	71478	20975	3.203	27793
11:19:44	52546	15409	2.447	27793
11:19:46	49358	15462	2.612	27793
11:19:47	58459	17240	3.140	27793
11:19:48	62776	21070	2.748	27793
11:19:49	61689	16018	2.902	27793
11:19:51	56333	16702	2.849	27793
11:19:52	51085	14678	2.982	27793
11:19:53	58696	16217	2.946	27793
11:19:54	88000	24452	2.905	27793
11:19:56	78330	28428	2.916	27793
11:19:57	72803	45392	3.276	27793
11:19:58	91623	20832	4.388	27793
11:19:59	76695	20415	3.435	27793
11:20:01	81561	17172	2.939	27793
11:20:02	67429	17152	2.748	27793
11:20:03	66726	16694	3.383	27793
11:20:04	68134	17860	2.705	27793
11:20:06	79536	82382	2.627	27793
11:20:07	64486	467052	3.984	27793
11:20:08	63300	18461	3.306	27793
11:20:09	51874	15813	2.845	27793
11:20:11	70704	168188	3.092	27793
11:20:12	60678	16307	2.691	27793
11:20:13	55731	16306	3.326	27793
11:20:14	71520	520752	3.060	27793
11:20:16	60918	16387	2.507	27793
11:20:17	79541	18437	2.816	27793
11:20:18	61290	18574	3.200	27793
11:20:20	80510	219381	2.968	27793
11:20:21	68682	25258	2.713	27793
11:20:22	80196	39949	2.873	27793
11:20:23	91559	34509	3.082	27793
11:20:25	88506	37602	2.725	27793
11:20:26	81248	522268	4.411	27793
11:20:27	75788	25198	3.049	27793
11:20:28	53758	15528	2.860	27793
11:20:30	47865	14087	3.023	27793
11:20:31	48850	14350	3.576	27793
11:20:32	51396	15429	3.126	27793
11:20:33	69759	18803	2.408	27793
11:20:35	60644	42659	2.524	27793
11:20:36	62683	27142	2.492	27793
11:20:37	51303	14489	2.770	27793
11:20:38	59321	14408	2.820	27793
11:20:39	45930	13849	2.964	27793
11:20:41	51096	14340	3.236	27793
11:20:42	47609	37704	2.976	27793
11:20:43	45161	34051	3.115	27793
11:20:44	41347	17141	2.476	27793
11:20:45	40020	36005	2.808	27793
11:20:47	52694	13397	3.253	27793
11:20:48	66133	24582	2.681	27793
11:20:49	67398	159155	3.102	27793
11:20:50	88650	37812	2.908	27793
11:20:51	84568	16920	3.330	27793
11:20:53	77808	16969	2.944	27793
11:20:54	77617	23255	2.374	27793
11:20:55	73508	158760	5.402	27793
11:20:56	73263	379755	2.423	27793
11:20:58	51365	34545	2.789	27793
11:20:59	62671	17537	3.726	27793
11:21:00	67608	13946	2.511	27793
11:21:01	51765	15060	3.812	27793
11:21:02	56820	46863	2.838	27793
11:21:04	63842	26633	3.313	27793
11:21:05	66895	163582	2.699	27793
11:21:06	59403	17854	2.813	27793
11:22:10	46070	14299	2.648	27793
11:22:11	47312	15337	2.738	27793
11:22:13	60496	25238	2.766	27793
11:22:14	57701	535984	3.240	27793
11:22:15	42379	15555	3.416	27793
11:22:16	43359	17650	2.904	27793
11:22:17	57331	19066	2.785	27793
11:22:19	56550	17622	2.900	27793
11:22:20	52306	15123	2.977	27793
11:22:21	62096	43293	2.862	27793
11:22:22	71859	48674	2.828	27793
11:22:24	87629	49462	3.326	27793
11:22:25	74295	34307	2.889	27793
11:22:26	68668	17751	2.923	27793
11:22:27	71359	39962	3.896	27793
11:22:29	71667	34210	2.817	27793
11:22:30	51811	14445	3.295	27793
11:22:31	51988	12965	3.150	27793
11:22:32	53099	15270	3.082	27793
11:22:34	81369	19358	2.856	27793
11:22:35	98228	37793	2.965	27793
11:22:36	80445	168827	2.838	27793
11:22:37	65476	35289	3.201	27793
11:22:38	58136	17528	3.552	27793
11:22:40	58540	18401	2.984	27793
11:22:41	55990	16391	3.668	27793
11:22:42	44292	15270	2.811	27793
11:22:43	69125	16178	3.286	27793
11:22:45	62363	17678	2.730	27793
11:22:46	48537	15772	3.144	27793
11:22:47	56166	15624	2.596	27793
11:22:48	48802	14837	2.415	27793
11:22:50	49328	50530	2.579	27793
11:22:51	51391	15709	2.948	27793
11:22:52	56370	16223	2.755	27793
11:22:53	55931	14054	3.161	27793
11:22:54	50937	16999	2.882	27793
11:22:56	96697	26390	2.934	27793
11:22:57	76644	537238	3.676	27793
11:22:58	66284	15205	3.400	27793
11:22:59	61612	15474	3.429	27793
11:23:01	74197	27855	3.026	27793
11:23:02	75092	162000	2.369	27793
11:23:03	78585	14619	3.016	27793
11:23:04	97740	102341	2.712	27793
11:23:06	80011	491482	2.574	27793
11:23:07	77909	55351	2.889	27793
11:23:08	50820	17806	2.795	27793
11:23:10	95603	59776	2.597	27793
11:23:11	56123	15592	2.901	27793
11:23:12	60831	15983	25.772	27793
11:23:13	59827	15676	3.119	27793
11:23:15	46288	14604	3.443	27793
11:23:16	52248	14975	3.486	27793
11:23:17	65926	17239	2.921	27793
11:23:18	72371	15073	2.829	27793
11:23:20	63324	16488	2.609	27793
11:23:21	60221	14525	3.394	27793
11:23:22	67638	20279	3.067	27793
11:23:23	72432	167943	2.777	27793
11:23:24	79437	16186	4.217	27793
11:23:26	75581	19050	2.923	27793
11:23:27	66550	14901	2.702	27793
11:23:28	79801	18308	2.376	27793
11:23:29	86989	17189	2.780	27793
11:23:31	90895	19175	3.347	27793
11:23:32	68087	14171	2.736	27793
11:23:33	62417	13238	2.731	27793
11:23:34	85360	15956	3.211	27793
11:23:35	85589	15411	3.070	27793
11:23:37	78419	31667	3.375	27793
11:23:38	75586	13861	2.933	27793
11:23:39	77390	14709	2.871	27793
11:23:40	78597	13921	3.114	27793
11:23:42	81233	14266	3.039	27793
11:23:43	82102	14263	2.760	27793
11:23:44	60791	13336	2.851	27793
11:23:45	51597	12967	3.340	27793
11:23:47	70985	14635	3.464	27793
11:23:48	54306	13400	3.193	27793
11:23:49	72823	18682	3.074	27793
11:23:50	73697	14268	2.780	27793
11:23:52	84831	27379	2.975	27793
11:23:53	66808	14402	2.752	27793
11:23:54	63214	16935	3.307	27793
11:23:55	65378	20753	2.833	27793
11:23:57	60322	18139	2.607	27793
11:23:58	65946	14415	3.849	27793
11:23:59	51283	14127	3.348	27793
11:24:01	56761	16751	61.791	27793
11:24:02	59247	13521	3.170	27793
11:24:03	47241	12905	3.170	27793
11:24:04	43053	12609	2.771	27793
11:24:06	47950	25747	2.739	27793
11:24:07	53229	14818	2.387	27793
11:24:08	45867	19373	2.836	27793
11:24:09	49854	13466	3.129	27793
11:24:11	53168	13424	5.206	27793
11:24:12	44545	20453	3.224	27793
11:24:13	44706	17167	3.305	27793
11:24:14	46100	13817	3.391	27793
11:24:16	58031	14887	2.884	27793
11:24:17	55045	14581	3.199	27793
11:24:18	64330	18713	3.582	27793
11:24:19	56724	15848	3.075	27793
11:24:21	59778	22190	3.125	27793
11:24:22	88902	28439	2.813	27793
11:24:23	96592	34515	2.751	27793
11:24:24	103974	36749	2.640	27793
11:24:26	92501	31233	2.845	27793
11:24:27	73972	16859	3.517	27793
11:24:28	97611	30077	2.288	27793
11:24:29	68907	14322	3.108	27793
11:24:31	62471	16668	2.877	27793
11:24:32	74100	14297	2.399	27793
11:24:33	78294	23107	3.231	27793
11:24:34	82953	16825	2.731	27793
11:24:36	89059	27713	2.847	27793
11:24:37	78845	23488	2.771	27793
11:24:38	65996	19508	2.774	27793
11:24:39	58293	17296	2.920	27793
11:24:41	67358	17997	2.766	27793
11:24:42	61165	16511	3.325	27793
11:24:43	69292	16061	3.068	27793
11:24:44	75197	18303	2.661	27793
11:24:46	93684	20127	3.190	27793
11:24:47	80814	17313	3.353	27793
11:24:48	75643	13568	3.453	27793
11:24:49	72670	13880	2.873	27793
11:24:51	80763	24272	2.839	27793
11:24:52	98441	17940	3.282	27793
11:24:53	99614	14797	3.237	27793
11:24:54	69469	13293	3.210	27793
11:24:56	60850	13475	2.805	27793
11:24:57	48825	13807	3.132	27793
11:24:58	44578	12715	2.776	27793
11:24:59	60110	13017	3.227	27793
11:25:01	58359	12976	2.880	27793
11:25:02	64801	13642	2.839	27793
11:25:03	62621	13720	2.921	27793
11:25:04	84538	15441	2.393	27793
11:25:06	86497	14421	3.518	27793
11:25:07	84536	14650	2.525	27793
11:25:08	80780	15517	2.929	27793
11:25:09	68955	14396	3.213	27793
11:25:11	69615	14218	6.185	27793
11:25:12	59481	13166	2.871	27793
11:25:13	58650	13591	3.136	27793
11:25:14	54469	13656	3.004	27793
11:25:16	48320	12937	2.600	27793
11:25:17	71573	14210	3.550	27793
11:25:18	66238	13544	3.931	27793
11:25:19	60059	14535	2.486	27793
11:25:21	59471	13430	2.946	27793
11:25:22	54194	13596	2.785	27793
11:25:23	69171	14178	3.286	27793
11:25:25	69406	17470	2.915	27793
11:25:26	100554	31006	3.050	27793
11:25:27	84876	532904	2.938	27793
11:25:29	56801	12674	4.407	27793
11:25:30	62848	14368	3.428	27793
11:25:31	60781	20420	3.218	27793
11:25:32	84367	165019	2.875	27793
11:25:33	69364	18179	3.040	27793
11:25:35	53641	67884	3.430	27793
11:25:36	63672	507306	2.580	27793
11:25:37	59275	35445	3.127	27793
11:25:38	57561	35570	4.180	27793
11:25:40	77228	26630	2.922	27793
11:25:41	97473	213782	3.857	27793
11:25:42	77806	16562	2.993	27793
11:25:43	72471	38985	2.894	27793
11:25:44	62184	16931	2.717	27793
11:25:46	67690	13979	3.444	27793
11:25:47	66326	15254	2.633	27793
11:25:48	82236	542636	2.917	27793
11:25:49	56976	19386	3.140	27793
11:25:51	64676	13873	2.502	27793
11:25:52	61893	34927	2.866	27793
11:25:53	62804	14662	3.054	27793
11:25:54	66671	22805	3.316	27793
11:25:55	61144	21071	2.519	27793
11:25:57	53699	19220	3.170	27793
11:25:58	46617	39069	3.017	27793
11:25:59	60796	16760	2.948	27793
11:26:00	63295	15848	3.160	27793
11:26:02	57222	16595	2.891	27793
11:26:03	51816	21624	3.409	27793
11:26:04	70794	189863	3.881	27793
11:26:05	49748	14148	2.920	27793
11:26:07	57714	23764	2.928	27793
11:26:08	55547	551088	3.396	27793
11:26:09	45268	17399	3.211	27793
11:26:10	47422	14687	3.054	27793
11:26:11	44736	17409	2.840	27793
11:26:13	50105	18346	2.857	27793
11:26:14	43804	14958	2.913	27793
11:26:15	48188	18914	2.678	27793
11:26:16	55420	17371	2.647	27793
11:26:18	70914	16221	2.973	27793
11:26:19	63058	45606	3.518	27793
11:26:20	79239	16289	2.375	27793
11:26:21	78359	33442	2.755	27793
11:26:22	73758	211421	3.328	27793
11:26:24	65121	31247	2.805	27793
11:26:25	70080	33424	2.823	27793
11:26:26	77201	29129	2.643	27793
11:26:27	54250	19360	3.568	27793
11:26:29	63960	23706	3.086	27793
11:26:30	43061	18209	3.131	27793
11:26:31	42385	14248	2.476	27793
11:26:33	38567	12649	4.026	27793
11:26:34	53757	17685	2.913	27793
11:26:35	54813	17341	3.076	27793
11:26:36	62085	35570	2.650	27793
11:26:38	75952	20340	3.078	27793
11:26:39	45291	13071	2.895	27793
11:26:40	62979	12886	4.895	27793
11:26:41	47412	13062	2.650	27793
11:26:43	71009	27477	3.174	27793
11:26:44	67355	534507	3.049	27793
11:26:45	55516	15911	3.226	27793
11:26:46	56622	20228	2.892	27793
11:26:47	72493	17770	2.814	27793
11:26:49	52851	15524	3.110	27793
11:26:50	61515	18721	3.422	27793
11:26:51	58034	16783	2.903	27793
11:26:52	52420	15565	2.788	27793
11:26:54	56071	18872	4.117	27793
11:26:55	52618	22803	2.817	27793
11:26:56	64900	189772	2.711	27793
11:26:57	52153	18570	2.809	27793
11:26:59	53951	18115	2.522	27793
11:27:00	46711	15767	3.091	27793
11:27:01	44314	14072	3.839	27793
11:27:02	56728	16838	2.961	27793
11:27:04	50774	15781	4.073	27793
11:27:05	54816	16138	3.039	27793
11:27:07	52151	16877	3.521	27793
11:27:08	75827	35433	3.000	27793
11:27:09	43039	28458	3.146	27793
11:27:10	50751	32988	3.016	27793
11:27:12	43280	17136	2.824	27793
11:27:13	43247	28311	3.380	27793
11:27:14	47378	14277	2.961	27793
11:27:15	60934	31843	2.832	27793
11:27:17	75096	17116	3.324	27793
11:27:18	57543	15694	4.900	27793
11:27:19	51732	16485	2.334	27793
11:27:20	52003	15160	9.162	27793
11:27:22	60757	17429	2.758	27793
11:27:23	59186	29437	3.073	27793
11:27:24	75292	15320	3.052	27793
11:27:25	80596	25258	3.734	27793
11:27:27	79014	15896	2.914	27793
11:27:28	91540	16004	3.238	27793
11:27:29	84581	16202	2.897	27793
11:27:30	77278	16462	3.614	27793
11:27:32	71918	16160	3.129	27793
11:27:33	56219	17944	2.805	27793
11:27:34	73745	16613	3.173	27793
11:27:35	67560	32574	3.175	27793
11:27:37	77723	16784	2.840	27793
11:27:38	63396	20676	2.849	27793
11:27:39	62800	14866	2.756	27793
11:27:41	61222	18263	4.205	27793
11:27:42	95123	22662	3.313	27793
11:27:43	78179	15034	3.476	27793
11:27:45	63650	16252	3.109	27793
11:27:46	54279	16714	3.420	27793
11:27:47	85413	16784	2.504	27793
11:27:48	108898	20366	2.325	27793
11:27:49	113039	22293	3.351	27793
11:27:51	93589	17600	3.030	27793
11:27:52	105689	19608	2.832	27793
11:27:53	100081	19201	3.020	27793
11:27:54	108704	44472	2.830	27793
11:27:56	124445	27069	3.123	27793
11:27:57	108583	23527	2.783	27793
11:27:58	94331	16894	3.587	27793
11:27:59	89883	15297	3.354	27793
11:28:01	98218	16488	3.480	27793
11:28:02	86696	16845	2.909	27793
11:28:03	72854	15731	3.486	27793
11:28:04	66495	17242	2.434	27793
11:28:06	79880	15473	3.384	27793
11:28:07	82678	17852	2.489	27793
11:28:08	76962	16525	3.060	27793
11:28:09	73142	14592	3.301	27793
11:28:11	49965	13163	2.773	27793
11:28:12	46491	13136	3.313	27793
11:28:13	50538	13381	2.938	27793
11:28:15	61073	13142	2.730	27793
11:28:16	62513	19564	3.435	27793
11:28:17	52149	12728	3.025	27793
11:28:19	48093	12700	3.168	27793
11:28:20	48494	14901	2.733	27793
11:28:21	49162	13647	2.891	27793
11:28:22	82022	23560	2.877	27793
11:28:24	88707	33186	2.848	27793
11:28:25	72974	29246	3.407	27793
11:28:26	62103	26591	3.391	27793
11:28:27	51622	19692	2.989	27793
11:28:29	54065	25604	2.854	27793
11:28:30	44249	13133	2.993	27793
11:28:32	55666	15632	2.581	27793
11:28:33	97254	22844	2.919	27793
11:28:34	63495	13614	3.158	27793
11:28:35	50768	16514	2.890	27793
11:28:37	55277	15454	2.817	27793
11:28:38	50188	21843	2.940	27793
11:28:39	36503	26216	3.906	27793
11:28:40	36265	12595	2.716	27793
11:28:42	33757	19254	2.387	27793
11:28:43	31961	12664	2.979	27793
11:28:44	35099	13579	2.845	27793
11:28:45	34872	12771	2.957	27793
11:28:47	53839	20118	3.059	27793
11:28:48	57669	13131	2.977	27793
11:28:49	55413	13520	3.026	27793
11:28:50	52590	13712	2.352	27793
11:28:52	60021	13473	2.975	27793
11:28:53	53846	13302	2.985	27793
11:28:54	24288	18676	3.267	27793
11:28:55	15875	13673	2.455	27793
11:28:57	14689	12605	3.192	27793
11:28:58	15875	15442	3.567	27793
11:28:59	27436	26586	2.467	27793
11:29:01	21367	527839	2.855	27793
11:29:02	16001	12553	2.875	27793
11:29:03	16636	14417	3.482	27793
11:29:04	19023	69792	3.271	27793
11:29:06	15312	105971	3.411	27793
11:29:07	28197	169396	2.711	27793
11:29:08	27100	393648	2.892	27793
11:29:09	22426	33255	2.888	27793
11:29:11	35761	13387	2.883	27793
11:29:12	55111	16237	2.621	27793
11:29:13	64768	28655	3.394	27793
11:29:14	67397	210478	2.578	27793
11:29:16	48718	15092	2.798	27793
11:29:17	66824	24767	2.828	27793
11:29:18	55315	434556	2.565	27793
11:29:19	50320	126938	11.090	27793
11:29:21	57628	15337	2.435	27793
11:29:22	46755	14699	2.884	27793
11:29:23	43605	16118	3.082	27793
11:29:24	36623	12989	2.864	27793
11:29:25	51438	40020	2.699	27793
11:29:27	49693	15354	3.092	27793
11:29:28	44918	15683	3.672	27793
11:29:29	45488	42576	2.629	27793
11:29:30	61628	16258	2.855	27793
11:29:31	73865	16451	2.699	27793
11:29:33	84000	16784	2.882	27793
11:29:34	74369	18387	2.736	27793
11:29:35	65772	15008	2.610	27793
11:29:36	58909	17029	2.973	27793
11:29:38	65981	15470	2.686	27793
11:29:39	71713	18581	2.884	27793
11:29:40	92471	30044	2.400	27793
11:29:41	78265	168421	3.272	27793
11:29:42	56276	16804	2.747	27793
11:29:44	62277	22266	3.184	27793
11:29:45	84698	551245	2.924	27793
11:29:46	62616	15744	2.923	27793
11:29:47	55900	15467	2.978	27793
11:29:49	55997	17319	3.317	27793
11:29:50	69360	21128	2.865	27793
11:29:51	69217	18199	3.058	27793
11:29:52	61210	14763	3.393	27793
11:29:54	69262	19758	3.297	27793
11:29:55	73967	50238	3.428	27793
11:29:57	99657	29558	2.502	27793
11:29:58	102802	49274	3.643	27793
11:29:59	64786	14173	3.263	27793
11:30:00	102370	26911	2.545	27793
11:30:02	81282	166892	3.100	27793
11:30:03	99758	19588	2.495	27793
11:30:04	92893	17198	2.488	27793
11:30:05	74390	18322	2.747	27793
11:30:06	77727	18469	2.803	27793
11:30:08	79968	15207	2.860	27793
11:30:09	72615	16553	3.103	27793
11:30:10	71994	52859	2.818	27793
11:30:11	68738	15993	3.417	27793
11:30:13	64175	35683	2.477	27793
11:30:14	50148	16202	2.845	27793
11:30:15	53774	33079	3.109	27793
11:30:16	45775	14650	3.021	27793
11:30:17	47169	32476	2.568	27793
11:30:19	48816	16972	3.068	27793
11:30:20	57058	16000	2.886	27793
11:30:21	59805	17238	2.557	27793
11:30:22	65197	25301	3.030	27793
11:30:24	75649	30799	2.763	27793
11:30:25	77027	47797	3.751	27793
11:30:26	85363	34755	3.239	27793
11:30:27	76673	24563	3.146	27793
11:30:29	66096	18885	3.125	27793
11:30:30	81563	35376	3.477	27793
11:30:32	87030	20005	2.836	27793
11:30:33	80356	18823	2.969	27793
11:30:34	58084	15100	3.081	27793
11:30:35	63421	17215	3.589	27793
11:30:37	75736	18945	2.766	27793
11:30:38	83504	43434	4.268	27793
11:30:39	71499	17000	4.766	27793
11:30:41	66992	25037	2.798	27793
11:30:42	56780	14263	2.950	27793
11:30:43	55627	14237	2.936	27793
11:30:44	52151	13569	3.877	27793
11:30:46	45084	13749	2.821	27793
11:30:47	46512	16289	3.112	27793
11:30:48	46633	16224	2.993	27793
11:30:49	43219	15905	2.579	27793
11:30:50	38658	14145	2.280	27793
11:30:52	67447	20400	2.950	27793
11:30:53	61399	19566	2.704	27793
11:30:54	65052	16806	2.603	27793
11:30:55	61172	39015	2.946	27793
11:30:57	65835	18891	3.004	27793
11:30:58	68107	17122	2.742	27793
11:30:59	88171	16971	2.955	27793
11:31:00	99401	17468	2.498	27793
11:31:02	83606	17776	2.886	27793
11:31:03	72320	16855	3.073	27793
11:31:05	110530	16722	3.141	27793
11:31:06	154073	26204	3.010	27793
11:31:07	113084	20613	2.759	27793
11:31:08	95846	17386	2.812	27793
11:31:10	94966	18376	2.822	27793
11:31:11	113193	20180	2.727	27793
11:31:12	107194	19906	2.772	27793
11:31:13	102697	19435	2.781	27793
11:31:15	103854	19629	3.317	27793
11:31:16	101408	18647	2.625	27793
11:31:17	94990	19714	2.870	27793
11:31:18	86916	20011	3.484	27793
11:31:20	95644	20821	3.846	27793
11:31:21	102162	16721	2.941	27793
11:31:22	97258	16647	2.703	27793
11:31:23	84021	15247	4.040	27793
11:31:24	67033	14343	3.911	27793
11:31:26	80718	14810	3.419	27793
11:31:27	69259	13902	3.172	27793
11:31:28	77896	14556	2.830	27793
11:31:30	74585	13708	3.040	27793
11:31:31	61426	13943	2.825	27793
11:31:32	66126	13902	3.080	27793
11:31:33	55392	13929	2.909	27793
11:31:35	86210	13870	3.181	27793
11:31:36	80841	14550	3.493	27793
11:31:37	30317	12652	2.678	27793
11:31:39	17246	15938	4.450	27793
11:31:40	18821	16214	4.912	27793
11:31:41	14036	19212	2.921	27793
11:31:42	41691	19754	3.045	27793
11:31:44	63198	13879	2.693	27793
11:31:45	65365	20711	3.325	27793
11:31:46	56414	12921	3.098	27793
11:31:47	52457	13264	3.456	27793
11:31:48	76405	20210	2.787	27793
11:31:50	72927	18439	3.330	27793
11:31:51	61181	12999	2.909	27793
11:31:52	63765	14429	2.853	27793
11:31:53	69734	16384	2.914	27793
11:31:55	58670	17370	3.139	27793
11:31:56	62029	17191	3.125	27793
11:31:57	54410	24042	2.802	27793
11:31:58	54517	14119	2.889	27793
11:31:59	45198	12746	3.961	27793
11:32:01	50527	13352	2.915	27793
11:32:02	51278	13116	2.430	27793
11:32:03	50537	13584	2.919	27793
11:32:04	67963	23033	3.158	27793
11:32:06	56637	534199	2.972	27793
11:32:07	79448	15791	2.975	27793
11:32:08	55444	13776	2.907	27793
11:32:09	83754	47470	3.785	27793
11:32:11	69664	147665	2.621	27793
11:32:12	78242	36789	2.641	27793
11:32:13	95903	538617	2.638	27793
11:32:14	69917	17156	3.398	27793
11:32:16	64351	20210	3.559	27793
11:32:17	78630	169410	4.273	27793
11:32:18	57508	15191	2.964	27793
11:32:19	66524	66825	3.402	27793
11:32:21	60260	24298	3.564	27793
11:32:22	52764	16705	3.258	27793
11:32:23	74163	542628	2.775	27793
11:32:24	72853	33571	3.287	27793
11:32:26	72565	33809	2.912	27793
11:32:27	81233	29823	2.240	27793
11:32:28	71461	43750	3.867	27793
11:32:30	73180	22388	2.677	27793
11:32:31	92170	32601	3.394	27793
11:32:32	53620	12979	3.186	27793
11:32:33	45767	13172	2.695	27793
11:32:34	42927	39083	3.601	27793
11:32:36	47393	17550	2.672	27793
11:32:37	72917	17575	2.725	27793
11:32:38	73633	33085	3.245	27793
11:32:39	65843	169698	3.927	27793
11:32:40	51603	17053	2.756	27793
11:32:42	63571	27791	3.212	27793
11:32:43	77894	542616	3.093	27793
11:32:44	60554	14064	2.743	27793
11:32:45	60220	16382	3.071	27793
11:32:46	67762	15624	2.888	27793
11:32:48	81700	17915	3.686	27793
11:32:49	58869	14859	2.257	27793
11:32:50	49421	16171	2.917	27793
11:32:51	46037	13388	3.181	27793
11:32:53	49698	44379	2.909	27793
11:32:54	46758	13498	2.667	27793
11:32:55	55716	13483	4.025	27793
11:32:56	67278	16540	3.182	27793
11:32:58	59605	16195	2.856	27793
11:32:59	55737	16277	3.322	27793
11:33:00	47926	14545	2.897	27793
11:33:01	55758	15324	2.904	27793
11:33:02	52251	14281	2.785	27793
11:33:04	58665	14494	2.657	27793
11:33:05	75933	16592	2.741	27793
11:33:06	69355	17969	3.647	27793
11:33:07	82099	32127	2.779	27793
11:33:09	73772	166104	3.094	27793
11:33:10	84336	17485	2.914	27793
11:33:11	81964	17994	3.363	27793
11:33:12	101429	40253	2.559	27793
11:33:14	106561	16201	2.869	27793
11:33:15	73024	25497	3.104	27793
11:33:16	70446	14162	3.263	27793
11:33:17	76581	13460	3.037	27793
11:33:19	79919	14677	3.072	27793
11:33:20	91581	25458	3.280	27793
11:33:21	96506	38223	3.245	27793
11:33:23	55726	13136	2.809	27793
11:33:24	53251	12800	2.812	27793
11:33:25	52017	13359	2.825	27793
11:33:26	54862	13757	3.175	27793
11:33:28	50454	24861	2.801	27793
11:33:29	53901	13107	2.681	27793
11:33:30	53076	13353	3.251	27793
11:33:31	46202	12634	3.381	27793
11:33:32	70847	13952	3.594	27793
11:33:34	58299	13124	3.302	27793
11:33:35	75385	21906	3.518	27793
11:33:36	64461	12785	3.045	27793
11:33:37	58460	14748	3.392	27793
11:33:39	60209	13339	3.261	27793
11:33:40	76672	25466	2.434	27793
11:33:41	69572	13421	3.639	27793
11:33:42	70426	14449	3.014	27793
11:33:44	76315	20729	2.860	27793
11:33:45	68553	14953	2.535	27793
11:33:46	74713	16043	2.398	27793
11:33:48	72966	15181	2.726	27793
11:33:49	41626	13018	2.973	27793
11:33:50	58452	17640	2.816	27793
11:33:51	72691	12848	2.935	27793
11:33:53	56977	13625	3.261	27793
11:33:54	55348	18484	149.601	27793
11:33:55	61616	18983	2.591	27793
11:33:56	59538	20714	3.358	27793
11:33:58	50788	30330	2.843	27793
11:33:59	51950	17167	4.049	27793
11:34:00	52776	17050	3.204	27793
11:34:01	53153	13353	2.999	27793
11:34:03	38864	12648	80.593	27793
11:34:04	44171	14968	2.408	27793
11:34:05	54376	16282	2.384	27793
11:34:06	50873	13444	21.592	27793
11:34:08	54071	13015	3.108	27793
11:34:09	53635	14855	102.105	27793
11:34:10	78750	17574	3.371	27793
11:34:12	68688	15994	3.154	27793
11:34:13	78376	20673	2.643	27793
11:34:14	62034	15950	2.871	27793
11:34:15	72014	16904	3.062	27793
11:34:17	62238	16252	2.848	27793
11:34:18	61096	16346	3.558	27793
11:34:19	63046	16385	3.346	27793
11:34:20	67115	16121	3.500	27793
11:34:22	59175	15590	3.295	27793
11:34:23	65361	23536	3.681	27793
11:34:24	64322	27516	2.871	27793
11:34:26	83065	25734	149.806	27793
11:34:27	105469	36502	3.938	27793
11:34:29	100314	34752	2.979	27793
11:34:30	94239	27747	2.343	27793
11:34:31	57854	23723	2.848	27793
11:34:33	43932	16071	177.951	27793
11:34:34	111480	20618	14.903	27793
11:34:35	75988	13519	3.440	27793
11:34:36	53146	15653	3.914	27793
11:34:38	65339	18482	89.513	27793
11:34:39	35065	20581	31.614	27793
11:34:40	73858	19204	2.918	27793
11:34:41	185181	19372	2.995	27793
11:34:43	45404	12013	2.641	27793
11:34:44	84840	21955	2.888	27793
11:34:45	60398	29368	2.608	27793
11:34:46	51065	14670	3.386	27793
11:34:48	64586	19834	3.225	27793
11:34:49	42305	13892	91.569	27793
11:34:50	83739	18588	15.771	27793
11:34:52	11460	23580	22.273	27793
11:34:53	172533	18898	4.489	27793
11:34:54	120447	18467	2.396	27793
11:34:55	101499	15647	2.799	27793
11:34:57	95694	17517	2.774	27793
11:34:58	86730	14465	2.941	27793
11:34:59	74601	16069	2.949	27793
11:35:00	61823	19541	3.441	27793
11:35:01	61881	16034	2.963	27793
11:35:03	55911	15771	5.148	27793
11:35:04	60186	16893	2.349	27793
11:35:05	48609	16752	2.946	27793
11:35:06	46495	12849	2.499	27793
11:35:08	49355	12822	166.687	27793
11:35:09	78688	18969	3.267	27793
11:35:10	52517	13654	5.492	27793
11:35:11	72277	23468	2.954	27793
11:35:13	87336	563512	3.296	27793
11:35:14	81709	29902	2.857	27793
11:35:15	84862	19384	3.092	27793
11:35:17	88872	29446	2.534	27793
11:35:18	99319	168941	3.275	27793
11:35:19	79697	16687	2.585	27793
11:35:20	95230	55223	2.819	27793
11:35:22	80054	505799	3.114	27793
11:35:23	84681	17157	2.887	27793
11:35:24	100091	20775	3.190	27793
11:35:25	88670	37500	2.614	27793
11:35:27	73100	214512	2.962	27793
11:35:28	80564	17962	3.084	27793
11:35:29	107470	26408	3.454	27793
11:35:31	105968	557187	2.945	27793
11:35:32	91829	21490	2.864	27793
11:35:33	66117	20061	3.031	27793
11:35:34	127785	18566	16.073	27793
11:35:36	72257	17188	2.833	27793
11:35:37	67297	27395	3.818	27793
11:35:38	57706	171351	2.866	27793
11:35:39	51390	15344	2.756	27793
11:35:41	67516	58841	2.748	27793
11:35:42	84821	27773	2.856	27793
11:35:43	88156	15039	2.567	27793
11:35:44	79259	25499	2.971	27793
11:35:45	73484	14454	2.579	27793
11:35:47	76130	17847	2.684	27793
11:35:48	60241	16733	6.847	27793
11:35:49	71790	16597	2.369	27793
11:35:50	72749	16725	2.863	27793
11:35:52	88108	20858	2.971	27793
11:35:53	69093	17563	3.663	27793
11:35:54	57276	20598	2.882	27793
11:35:55	59746	20764	3.235	27793
11:35:56	54627	22905	3.291	27793
11:35:58	63454	18258	4.326	27793
11:35:59	80669	24297	2.981	27793
11:36:00	70157	17343	2.541	27793
11:36:01	55494	15638	2.998	27793
11:36:03	72932	18777	2.813	27793
11:36:04	81181	18472	3.118	27793
11:36:05	56492	17173	2.950	27793
11:36:06	56437	14296	2.592	27793
11:36:08	58305	14934	3.811	27793
11:36:09	71164	17461	2.778	27793
11:36:11	68208	16313	2.939	27793
11:36:12	100583	24933	3.531	27793
11:36:13	82766	19014	3.150	27793
11:36:14	76141	18926	3.523	27793
11:36:16	53837	18980	2.830	27793
11:36:17	115044	26817	4.073	27793
11:36:18	89543	38680	2.536	27793
11:36:19	86547	554653	3.634	27793
11:36:21	90717	24557	3.386	27793
11:36:22	66079	16720	3.323	27793
11:36:23	71705	24461	3.333	27793
11:36:24	83422	37367	4.071	27793
11:36:26	76722	27185	3.153	27793
11:36:27	91363	32783	2.923	27793
11:36:28	85203	34215	3.054	27793
11:36:29	88696	35525	2.666	27793
11:36:30	79892	553755	2.856	27793
11:36:32	75251	23303	2.779	27793
11:36:33	55406	49616	3.291	27793
11:36:34	63984	27217	2.913	27793
11:36:35	61218	23658	2.610	27793
11:36:36	62169	547187	2.815	27793
11:36:38	57173	20251	2.961	27793
11:36:39	50447	15781	2.830	27793
11:36:40	64677	19330	3.014	27793
11:36:41	60568	14447	3.056	27793
11:36:42	66361	16817	2.848	27793
11:36:44	66933	25769	3.118	27793
11:36:45	68221	34280	3.266	27793
11:36:46	69594	549020	2.775	27793
11:36:47	62447	50545	2.933	27793
11:36:49	89045	52780	2.917	27793
11:36:50	93876	25565	2.864	27793
11:36:51	86950	96285	2.986	27793
11:36:52	78121	359380	3.102	27793
11:36:54	89035	131133	3.007	27793
11:36:55	96135	17447	3.286	27793
11:36:56	67918	16288	2.617	27793
11:36:58	78588	15934	3.256	27793
11:36:59	77568	14702	2.787	27793
11:37:00	66738	14248	2.949	27793
11:37:02	56352	14805	2.796	27793
11:37:03	59656	78618	2.881	27793
11:37:04	57845	27569	3.490	27793
11:37:05	61244	169782	2.910	27793
11:37:07	49128	18925	3.896	27793
11:37:08	40563	15201	3.167	27793
11:37:09	65398	15107	3.364	27793
11:37:10	58598	13296	2.779	27793
11:37:11	64830	14377	2.603	27793
11:37:13	53288	13688	2.672	27793
11:37:14	56834	14187	3.188	27793
11:37:15	60458	16135	3.600	27793
11:37:16	57863	15250	2.766	27793
11:37:18	59976	15645	2.453	27793
11:37:19	68118	35357	2.709	27793
11:37:20	51938	18270	2.431	27793
11:37:21	51620	17128	2.897	27793
11:37:23	62143	18170	2.947	27793
11:37:24	54733	13218	4.516	27793
11:37:25	63813	17684	4.116	27793
11:37:26	64522	164365	2.829	27793
11:37:28	53715	402567	2.933	27793
11:37:29	66284	16595	2.977	27793
11:37:30	65602	15646	3.350	27793
11:37:31	49363	14921	2.674	27793
11:37:32	48540	14175	2.659	27793
11:37:34	46828	15423	2.832	27793
11:37:35	46073	14040	3.000	27793
11:37:37	60657	21179	3.547	27793
11:37:38	40829	14915	3.087	27793
11:37:39	49060	15017	3.351	27793
11:37:40	71147	27152	2.705	27793
11:37:41	61284	14923	2.817	27793
11:37:43	99424	30093	2.743	27793
11:37:44	98209	166983	3.054	27793
11:37:45	101072	17802	2.794	27793
11:37:46	112459	20824	2.358	27793
11:37:48	113650	20775	2.452	27793
11:37:49	113941	31868	2.723	27793
11:37:50	106813	31706	3.114	27793
11:37:51	113410	37353	3.491	27793
11:37:53	122950	24582	2.544	27793
11:37:54	115521	24256	3.381	27793
11:37:55	106190	23940	2.713	27793
11:37:56	109493	39427	2.319	27793
11:37:58	88595	37215	2.436	27793
11:37:59	86751	18427	2.640	27793
11:38:00	94314	19695	3.510	27793
11:38:01	62400	15562	3.312	27793
11:38:02	81618	19078	3.542	27793
11:38:04	74724	17400	2.856	27793
11:38:05	79673	32844	2.904	27793
11:38:06	69728	17308	2.873	27793
11:38:07	65722	17825	2.765	27793
11:38:09	54847	16382	2.951	27793
11:38:10	125025	20632	2.858	27793
11:38:12	82776	23398	3.400	27793
11:38:13	82022	14485	3.244	27793
11:38:14	77988	14196	2.474	27793
11:38:15	64580	14464	3.100	27793
11:38:17	66959	30881	3.202	27793
11:38:18	90256	18500	3.334	27793
11:38:19	79686	15796	3.213	27793
11:38:20	74506	21068	3.379	27793
11:38:21	81966	16904	3.204	27793
11:38:23	56352	15051	2.384	27793
11:38:24	80084	25255	2.722	27793
11:38:25	88821	30910	2.872	27793
11:38:26	75387	26843	3.180	27793
11:38:28	90342	32448	3.245	27793
11:38:29	66651	23397	3.463	27793
11:38:30	71866	27220	3.842	27793
11:38:31	60695	19834	3.626	27793
11:38:33	76743	19948	3.266	27793
11:38:34	50229	13176	3.337	27793
11:38:35	52409	32475	3.182	27793
11:38:36	47985	15667	3.126	27793
11:38:38	64748	22831	3.503	27793
11:38:39	65488	18714	2.934	27793
11:38:40	70817	18806	4.895	27793
11:38:41	70177	15633	2.749	27793
11:38:43	62055	16586	2.905	27793
11:38:44	92137	22645	3.105	27793
11:38:46	71801	15662	2.637	27793
11:38:47	68200	15060	3.989	27793
11:38:48	60213	15460	2.892	27793
11:38:49	62070	17219	2.944	27793
11:38:51	86778	15785	2.680	27793
11:38:52	61404	17000	2.763	27793
11:38:53	70904	13656	2.689	27793
11:38:54	55376	16127	2.781	27793
11:38:56	52456	15258	2.793	27793
11:38:57	56647	15736	4.257	27793
11:38:58	64307	14631	3.033	27793
11:39:00	59081	17381	2.712	27793
11:39:01	55606	18461	3.059	27793
11:39:02	47826	14738	3.144	27793
11:39:03	49067	15512	2.804	27793
11:39:05	62035	16371	3.001	27793
11:39:06	57285	17134	2.148	27793
11:39:07	46780	14496	3.388	27793
11:39:08	50544	16368	2.438	27793
11:39:09	86209	17508	3.102	27793
11:39:11	89127	15376	2.688	27793
11:39:12	74977	15883	2.831	27793
11:39:13	87944	16770	3.145	27793
11:39:14	86344	17772	4.176	27793
11:39:16	78409	15210	3.285	27793
11:39:17	76277	17737	3.264	27793
11:39:19	102825	22186	2.896	27793
11:39:20	69315	16348	2.925	27793
11:39:21	85434	28261	2.886	27793
11:39:22	78968	17338	3.357	27793
11:39:24	78809	21739	3.406	27793
11:39:25	77093	18506	2.903	27793
11:39:26	83913	19722	3.413	27793
11:39:27	68675	16361	2.605	27793
11:39:29	70411	22260	2.923	27793
11:39:30	74411	14708	2.815	27793
11:39:31	61784	16376	2.904	27793
11:39:32	61066	17071	2.638	27793
11:39:34	53339	17211	3.166	27793
11:39:35	64342	16979	3.014	27793
11:39:36	53974	22752	2.307	27793
11:39:37	50309	14773	3.125	27793
11:39:39	42077	17224	2.836	27793
11:39:40	64332	17561	2.384	27793
11:39:41	87740	14762	2.410	27793
11:39:42	100968	15514	4.468	27793
11:39:44	106699	17628	3.205	27793
11:39:45	92768	15437	2.880	27793
11:39:46	106285	19890	2.774	27793
11:39:47	124632	26767	3.271	27793
11:39:49	118844	770668	3.135	27793
11:39:50	102021	17341	3.103	27793
11:39:51	73144	31671	3.354	27793
11:39:53	112359	50399	3.003	27793
11:39:54	72187	152487	2.914	27793
11:39:55	63219	23548	2.273	27793
11:39:56	93318	569102	3.014	27793
11:39:58	82660	32481	3.420	27793
11:39:59	70014	18900	3.115	27793
11:40:00	58754	23256	3.703	27793
11:40:01	86529	227288	2.895	27793
11:40:02	96383	20046	6.809	27793
11:40:04	103351	24964	3.626	27793
11:40:05	83980	23538	5.250	27793
11:40:06	88255	552198	2.906	27793
11:40:07	101525	35038	2.621	27793
11:40:09	83410	19016	2.950	27793
11:40:10	94226	19005	2.903	27793
11:40:11	74319	19040	3.206	27793
11:40:12	83011	19715	3.168	27793
11:40:13	83595	17719	2.892	27793
11:40:15	88179	16222	2.824	27793
11:40:16	88829	27970	2.756	27793
11:40:17	72602	25573	2.347	27793
11:40:18	61086	224171	3.839	27793
11:40:20	59970	379946	2.381	27793
11:40:21	53385	14545	2.932	27793
11:40:22	61810	17611	3.882	27793
11:40:23	64700	14586	3.248	27793
11:40:24	75061	31753	3.561	27793
11:40:26	83391	52090	3.111	27793
11:40:27	70596	156981	2.885	27793
11:40:28	96816	34299	3.077	27793
11:40:29	53221	22507	3.051	27793
11:40:31	55392	25820	3.065	27793
11:40:32	53396	20836	3.371	27793
11:40:33	51281	18638	2.798	27793
11:40:34	50296	16277	2.510	27793
11:40:36	60648	24787	2.722	27793
11:40:37	51529	591064	2.977	27793
11:40:38	54993	17733	2.851	27793
11:40:39	75056	15830	3.098	27793
11:40:41	74755	28167	4.526	27793
11:40:42	79025	554469	2.925	27793
11:40:43	100150	21861	2.747	27793
11:40:45	63540	17443	3.014	27793
11:40:46	79302	17277	2.868	27793
11:40:47	69748	14572	3.243	27793
11:40:48	66791	15181	3.108	27793
11:40:50	57013	16412	2.395	27793
11:40:51	74728	78113	2.802	27793
11:40:52	71771	115341	4.538	27793
11:40:53	63632	18631	3.113	27793
11:40:55	58601	107906	2.953	27793
11:40:56	57719	18963	3.287	27793
11:40:57	56766	40544	3.018	27793
11:40:58	59100	16643	2.802	27793
11:40:59	65504	17175	3.015	27793
11:41:01	56701	14361	2.365	27793
11:41:02	60165	40618	2.712	27793
11:41:03	55522	15198	4.799	27793
11:41:04	46279	14185	3.515	27793
11:41:06	82552	15039	3.240	27793
11:41:07	78426	18413	3.643	27793
11:41:08	67074	17779	3.005	27793
11:41:09	87979	19961	3.607	27793
11:41:10	65284	41765	3.647	27793
11:41:12	73487	14628	2.836	27793
11:41:13	73474	17727	3.380	27793
11:41:14	71645	15803	3.167	27793
11:41:15	76700	15966	2.316	27793
11:41:17	73538	15619	3.470	27793
11:41:18	82174	16117	5.964	27793
11:41:19	90143	15857	2.984	27793
11:41:20	93500	18996	3.672	27793
11:41:22	96966	16313	2.839	27793
11:41:23	97656	43402	2.737	27793
11:41:24	87402	17329	3.151	27793
11:41:25	88027	17564	2.452	27793
11:41:26	95924	22561	3.005	27793
11:41:28	88970	26675	3.662	27793
11:41:29	88100	164093	3.629	27793
11:41:30	95701	284129	2.969	27793
11:41:31	82695	154768	2.809	27793
11:41:33	82998	17651	2.986	27793
11:41:34	102581	74740	2.587	27793
11:41:35	74819	556727	2.609	27793
11:41:37	72919	16450	2.659	27793
11:41:38	51247	15181	2.926	27793
11:41:39	78363	17502	2.913	27793
11:41:40	58731	46384	2.838	27793
11:41:41	65638	17678	2.921	27793
11:41:43	57847	41862	3.429	27793
11:41:44	68280	14399	3.338	27793
11:41:45	62023	17498	3.710	27793
11:41:46	62677	18687	3.080	27793
11:41:48	72010	15530	2.854	27793
11:41:49	77735	17118	3.826	27793
11:41:50	72588	16816	2.888	27793
11:41:51	55169	15607	3.270	27793
11:41:52	65274	18641	2.856	27793
11:41:54	63471	19987	2.593	27793
11:41:55	63148	19253	2.872	27793
11:41:56	60000	20391	2.828	27793
11:41:57	69829	19033	2.955	27793
11:41:58	47657	15010	6.023	27793
11:42:00	61611	14722	3.305	27793
11:42:01	81126	27444	2.827	27793
11:42:02	70234	171399	2.795	27793
11:42:03	49854	15242	2.977	27793
11:42:05	42195	16618	3.038	27793
11:42:06	40686	13728	2.797	27793
11:42:07	44734	17452	2.977	27793
11:42:08	45337	15824	2.826	27793
11:42:10	55865	15134	2.456	27793
11:42:11	62690	16782	2.662	27793
11:42:12	60192	15849	2.842	27793
11:42:13	56626	17708	2.757	27793
11:42:14	58848	14870	3.490	27793
11:42:16	63489	36682	2.767	27793
11:42:17	59552	15024	2.164	27793
11:42:18	61662	15675	2.821	27793
11:42:19	63893	15308	3.303	27793
11:42:21	54014	16680	3.238	27793
11:42:22	66526	16551	3.202	27793
11:42:24	63372	17185	2.780	27793
11:42:25	84364	30526	2.846	27793
11:42:26	78375	28960	2.545	27793
11:42:27	67341	24686	2.929	27793
11:42:29	70326	34809	2.629	27793
11:42:30	54932	23362	3.698	27793
11:42:31	97195	53684	2.448	27793
11:42:32	55891	24506	2.759	27793
11:42:34	57734	32209	3.161	27793
11:42:35	60220	24055	3.204	27793
11:42:36	48570	16508	2.800	27793
11:42:37	40923	27663	3.253	27793
11:42:39	48847	20672	2.875	27793
11:42:40	88712	18400	2.826	27793
11:42:41	67725	19477	2.790	27793
11:42:42	67410	15373	2.923	27793
11:42:44	59677	14226	2.387	27793
11:42:45	65808	15475	3.469	27793
11:42:46	64395	27677	2.914	27793
11:42:47	56170	15917	3.871	27793
11:42:49	61838	15158	3.152	27793
11:42:50	58330	13882	3.039	27793
11:42:51	57710	16740	3.980	27793
11:42:52	67199	14062	4.235	27793
11:42:54	71650	16045	3.127	27793
11:42:55	77679	16897	2.725	27793
11:42:56	63421	16430	2.432	27793
11:42:58	53770	18003	3.380	27793
11:42:59	66329	27571	3.116	27793
11:43:00	67108	13536	2.807	27793
11:43:01	82814	25855	3.009	27793
11:43:02	54391	14037	3.250	27793
11:43:04	54537	14172	3.450	27793
11:43:05	63746	15354	3.758	27793
11:43:06	52468	14962	2.909	27793
11:43:07	54178	15843	3.009	27793
11:43:09	62731	15650	2.803	27793
11:43:10	86584	17279	2.899	27793
11:43:11	79044	16585	3.065	27793
11:43:12	75499	15025	3.043	27793
11:43:14	81870	16711	2.631	27793
11:43:15	95261	16433	3.085	27793
11:43:16	86766	31029	2.884	27793
11:43:18	92325	17820	3.136	27793
11:43:19	96650	22664	3.090	27793
11:43:20	75245	20155	2.893	27793
11:43:21	87535	16618	3.027	27793
11:43:23	76525	17893	3.136	27793
11:43:24	88960	18615	2.863	27793
11:43:25	74229	15090	2.914	27793
11:43:26	60944	16951	2.428	27793
11:43:28	62290	15936	3.147	27793
11:43:29	53395	16181	2.521	27793
11:43:30	55149	16814	3.350	27793
11:43:32	45607	14366	2.995	27793
11:43:33	66903	21242	3.196	27793
11:43:34	54147	16518	3.108	27793
11:43:35	61948	13953	3.976	27793
11:43:37	47653	13357	5.868	27793
11:43:38	61234	13311	2.714	27793
11:43:39	77874	15165	5.768	27793
11:43:40	60306	13492	3.420	27793
11:43:42	58245	14016	3.400	27793
11:43:43	54462	14399	2.913	27793
11:43:44	52486	14053	3.199	27793
11:43:45	49338	13362	3.153	27793
11:43:47	50955	13835	3.006	27793
11:43:48	53464	15005	3.434	27793
11:43:49	50481	15006	2.689	27793
11:43:50	58829	13619	3.952	27793
11:43:51	55377	13397	2.782	27793
11:43:53	57012	13985	2.673	27793
11:43:54	82237	21726	3.581	27793
11:43:55	86746	18806	2.800	27793
11:43:56	82942	21901	2.963	27793
11:43:58	98954	18687	2.955	27793
11:43:59	61616	17399	3.060	27793
11:44:00	70428	16150	3.159	27793
11:44:01	72982	24283	3.375	27793
11:44:03	85682	24515	2.954	27793
11:44:04	91985	25561	3.450	27793
11:44:06	97771	21608	2.932	27793
11:44:07	115165	31413	3.251	27793
11:44:08	89737	77534	2.844	27793
11:44:09	109433	564408	2.591	27793
11:44:11	82875	17998	4.585	27793
11:44:12	75114	19260	2.501	27793
11:44:13	77619	74804	2.724	27793
11:44:14	81445	119982	2.955	27793
11:44:16	101950	43306	3.941	27793
11:44:17	91322	610048	2.761	27793
11:44:18	95202	28492	2.684	27793
11:44:19	101508	19417	2.336	27793
11:44:21	89740	23230	2.312	27793
11:44:22	99929	180852	3.244	27793
11:44:23	99273	67532	3.126	27793
11:44:24	83788	25840	3.081	27793
11:44:25	106084	32569	2.854	27793
11:44:27	94998	619812	2.756	27793
11:44:28	77127	23355	2.913	27793
11:44:29	78345	33342	2.737	27793
11:44:30	71652	25565	2.653	27793
11:44:32	84218	56322	2.863	27793
11:44:33	71544	19417	3.450	27793
11:44:34	92237	29071	4.412	27793
11:44:35	66916	168824	3.161	27793
11:44:36	60039	15533	2.751	27793
11:44:38	96372	23381	3.032	27793
11:44:39	106910	678896	2.753	27793
11:44:41	126119	22048	2.598	27793
11:44:42	92783	25890	2.869	27793
11:44:43	86752	172945	3.098	27793
11:44:44	59130	13449	3.793	27793
11:44:46	92837	23582	2.790	27793
11:44:47	86317	614701	3.405	27793
11:44:48	82457	48397	4.318	27793
11:44:49	71694	13446	3.026	27793
11:44:51	64605	14020	4.053	27793
11:44:52	62857	16291	2.389	27793
11:44:53	65368	16367	3.800	27793
11:44:54	55162	12896	3.081	27793
11:44:56	74258	45104	2.821	27793
11:44:57	84656	14421	3.089	27793
11:44:58	55916	13929	3.316	27793
11:44:59	48648	13189	3.022	27793
11:45:01	53555	13910	2.887	27793
11:45:02	59836	24910	3.149	27793
11:45:03	46916	165264	2.978	27793
11:45:04	80200	18232	4.012	27793
11:45:06	98041	278772	2.483	27793
11:45:07	51994	370323	3.423	27793
11:45:08	60566	14135	5.054	27793
11:45:09	88810	16327	2.407	27793
11:45:10	88212	14556	5.411	27793
11:45:12	97942	16169	10.713	27793
11:45:13	102816	18800	3.971	27793
11:45:14	136775	24621	3.228	27793
11:45:15	86376	14672	3.736	27793
11:45:17	106696	47603	2.940	27793
11:45:18	83275	14671	2.948	27793
11:45:19	99918	15281	3.016	27793
11:45:20	85424	14889	3.517	27793
11:45:22	97380	15378	2.339	27793
11:45:23	88712	14316	2.877	27793
11:45:24	82803	14960	2.360	27793
11:45:25	86587	15876	2.835	27793
11:45:26	88936	16312	2.863	27793
11:45:28	64163	14159	5.684	27793
11:45:29	57357	13669	3.490	27793
11:45:30	63506	14116	2.633	27793
11:45:31	62414	14050	2.659	27793
11:45:33	88000	24330	4.674	27793
11:45:34	73535	184182	3.318	27793
11:45:35	71492	26893	2.421	27793
11:45:36	65979	15177	2.899	27793
11:45:38	68128	28242	2.605	27793
11:45:39	65336	16263	2.772	27793
11:45:40	70228	16985	3.251	27793
11:45:41	66627	26793	2.575	27793
11:45:43	78328	15214	2.893	27793
11:45:44	50103	13197	3.007	27793
11:45:45	53111	13319	3.011	27793
11:45:47	48466	13504	2.856	27793
11:45:48	83991	38154	8.576	27793
11:45:49	68121	27821	2.871	27793
11:45:51	52191	13298	2.974	27793
11:45:52	65450	13236	4.953	27793
11:45:53	82062	18036	3.145	27793
11:45:54	104123	29709	4.777	27793
11:45:56	86076	254820	7.568	27793
11:45:57	71090	386743	2.860	27793
11:45:58	56966	14156	2.832	27793
11:45:59	56445	13782	2.473	27793
11:46:00	57889	13305	3.175	27793
11:46:02	47040	26586	2.339	27793
11:46:03	50119	12759	4.193	27793
11:46:04	50768	14046	13.882	27793
11:46:05	43793	25152	3.636	27793
11:46:07	44430	12363	12.290	27793
11:46:08	52644	13408	2.853	27793
11:46:09	67464	15470	2.732	27793
11:46:10	61792	25107	2.911	27793
11:46:11	60847	14772	3.967	27793
11:46:13	50727	13416	7.050	27793
11:46:14	77265	16045	2.466	27793
11:46:15	57131	14778	10.247	27793
11:46:16	57971	26852	4.676	27793
11:46:17	84441	172300	5.149	27793
11:46:19	67039	17491	5.484	27793
11:46:20	81041	52529	5.207	27793
11:46:21	90033	614935	3.530	27793
11:46:22	74548	16742	4.219	27793
11:46:24	70595	17377	3.031	27793
11:46:25	85383	29927	2.733	27793
11:46:26	87872	26884	11.317	27793
11:46:27	78246	19168	5.506	27793
11:46:29	101808	27255	5.838	27793
11:46:30	91784	34872	2.927	27793
11:46:31	78452	52131	4.283	27793
11:46:32	68868	27588	3.655	27793
11:46:34	84972	21364	5.906	27793
11:46:35	85987	28197	2.641	27793
11:46:36	74640	149293	5.905	27793
11:46:38	55555	45351	7.447	27793
11:46:39	95915	27102	8.601	27793
11:46:40	59909	16102	5.333	27793
11:46:41	49999	13566	2.664	27793
11:46:43	63573	18099	2.374	27793
11:46:44	47105	13626	6.328	27793
11:46:45	62517	16245	15.810	27793
11:46:46	44402	14795	8.464	27793
11:46:47	47627	12918	11.253	27793
11:46:49	91822	16585	3.166	27793
11:46:50	78955	31029	3.134	27793
11:46:51	89371	14657	10.839	27793
11:46:52	79081	14884	7.368	27793
11:46:54	103196	18043	5.002	27793
11:46:55	102480	16916	2.840	27793
11:46:56	111943	19336	2.773	27793
11:46:57	78823	15837	12.047	27793
11:46:59	73251	15973	10.623	27793
11:47:00	74851	14202	2.752	27793
11:47:01	63569	15239	10.898	27793
11:47:02	90277	14944	5.019	27793
11:47:04	75618	21001	10.383	27793
11:47:05	73809	15006	5.718	27793
11:47:06	63424	16655	3.134	27793
11:47:07	39502	15430	6.699	27793
11:47:09	39699	15715	5.766	27793
11:47:10	71566	17244	4.528	27793
11:47:11	71212	16113	16.510	27793
11:47:13	70909	19616	12.246	27793
11:47:14	64390	18327	2.954	27793
11:47:15	58237	17815	3.857	27793
11:47:16	46059	22790	5.159	27793
11:47:17	46984	19216	4.831	27793
11:47:19	41542	21294	7.738	27793
11:47:20	54518	13682	2.212	27793
11:47:21	49497	13050	14.277	27793
11:47:22	61111	16435	3.571	27793
11:47:24	71579	24350	3.268	27793
11:47:25	49700	14108	3.408	27793
11:47:26	51093	15944	2.469	27793
11:47:27	59428	16154	3.080	27793
11:47:29	73514	14019	3.348	27793
11:47:30	84493	22144	2.698	27793
11:47:32	60573	22622	3.149	27793
11:47:33	50743	14980	3.540	27793
11:47:34	40910	14556	8.692	27793
11:47:35	48678	13876	2.748	27793
11:47:36	38469	14357	2.751	27793
11:47:38	46914	17551	2.560	27793
11:47:39	60362	18556	3.058	27793
11:47:40	49064	17616	2.807	27793
11:47:41	45376	17606	3.139	27793
11:47:43	55966	16144	2.980	27793
11:47:44	49283	24792	2.816	27793
11:47:45	45554	16807	3.445	27793
11:47:46	58429	21643	3.124	27793
11:47:48	49018	14838	3.214	27793
11:47:49	52996	15201	2.845	27793
11:47:50	49958	16931	2.419	27793
11:47:51	56688	14503	2.852	27793
11:47:52	61824	16051	3.120	27793
11:47:54	69448	23505	2.616	27793
11:47:55	69632	21903	3.088	27793
11:47:56	57627	24513	6.223	27793
11:47:58	55875	17470	2.823	27793
11:47:59	52623	17349	6.567	27793
11:48:00	54421	17255	2.493	27793
11:48:01	42387	15472	10.727	27793
11:48:03	39502	28778	3.830	27793
11:48:04	46825	16319	2.858	27793
11:48:05	36921	13549	3.256	27793
11:48:06	57259	16723	2.886	27793
11:48:08	42584	14860	2.265	27793
11:48:09	52324	16549	3.120	27793
11:48:10	81567	17945	2.997	27793
11:48:11	91337	19655	3.407	27793
11:48:13	88723	18887	2.637	27793
11:48:14	91839	19542	2.839	27793
11:48:15	56534	14323	2.873	27793
11:48:16	53564	17811	2.298	27793
11:48:17	54296	17368	2.902	27793
11:48:19	52807	17035	2.951	27793
11:48:20	59502	14768	2.971	27793
11:48:21	73039	20377	2.735	27793
11:48:23	76333	16254	2.547	27793
11:48:24	62680	15565	2.755	27793
11:48:25	91184	21146	3.380	27793
11:48:26	78161	24099	3.135	27793
11:48:27	98999	26854	3.211	27793
11:48:29	78022	27279	2.460	27793
11:48:30	100898	37714	2.822	27793
11:48:31	75547	22428	2.801	27793
11:48:33	92597	29131	2.787	27793
11:48:34	77320	21736	3.010	27793
11:48:35	68281	23633	3.031	27793
11:48:36	54125	16362	2.766	27793
11:48:38	51883	17652	3.726	27793
11:48:39	72391	31364	2.851	27793
11:48:40	91531	620729	4.035	27793
11:48:41	75388	15465	2.815	27793
11:48:43	98988	20349	3.026	27793
11:48:44	88620	26834	3.091	27793
11:48:45	92771	187078	2.908	27793
11:48:46	64799	17466	2.852	27793
11:48:48	71149	55106	3.563	27793
11:48:49	83143	624956	2.824	27793
11:48:50	61606	36241	3.490	27793
11:48:51	52784	15808	3.063	27793
11:48:52	63010	15274	2.813	27793
11:48:54	79270	63931	2.839	27793
11:48:55	79616	36634	3.231	27793
11:48:56	77769	21503	3.782	27793
11:48:57	92483	178955	2.903	27793
11:48:59	58629	16084	2.872	27793
11:49:00	75107	27539	3.002	27793
11:49:01	83348	619518	2.859	27793
11:49:02	61698	15549	3.092	27793
11:49:03	72406	33743	2.698	27793
11:49:05	55461	15545	2.780	27793
11:49:06	48193	20060	9.363	27793
11:49:07	59869	174508	2.866	27793
11:49:08	47965	14016	2.905	27793
11:49:09	91815	25847	3.072	27793
11:49:11	84230	623352	3.141	27793
11:49:12	69178	69561	3.213	27793
11:49:13	60815	15321	2.627	27793
11:49:14	76883	17227	3.022	27793
11:49:16	83528	35476	2.410	27793
11:49:17	69982	16794	2.990	27793
11:49:18	66303	41794	2.798	27793
11:49:19	59986	16509	3.338	27793
11:49:20	70866	15608	3.360	27793
11:49:22	63810	17888	3.080	27793
11:49:23	61880	15938	3.090	27793
11:49:24	58726	16850	7.392	27793
11:49:25	63963	15177	2.851	27793
11:49:27	60246	16627	10.083	27793
11:49:28	75518	20572	5.287	27793
11:49:29	82055	18554	2.358	27793
11:49:31	61041	15038	8.691	27793
11:49:32	65284	15835	6.465	27793
11:49:33	54838	61514	3.121	27793
11:49:34	57423	16572	2.822	27793
11:49:36	43734	13441	2.686	27793
11:49:37	48309	13697	2.738	27793
11:49:38	50051	15059	2.978	27793
11:49:39	61940	17431	3.036	27793
11:49:40	75963	16661	3.022	27793
11:49:42	88820	16332	3.146	27793
11:49:43	81310	16718	2.787	27793
11:49:44	63056	15980	2.944	27793
11:49:45	70862	17680	2.450	27793
11:49:46	89795	29493	3.523	27793
11:49:48	104002	175599	3.019	27793
11:49:49	94626	18307	3.238	27793
11:49:50	81951	16364	2.869	27793
11:49:51	83417	17647	2.940	27793
11:49:53	88867	17578	3.222	27793
11:49:54	94769	22116	2.760	27793
11:49:55	88572	24221	2.434	27793
11:49:56	83285	28678	4.148	27793
11:49:58	110545	46146	3.815	27793
11:49:59	92529	17800	3.047	27793
11:50:00	80393	18456	2.931	27793
11:50:01	99085	41740	3.592	27793
11:50:03	90414	20470	2.747	27793
11:50:04	83362	18429	2.927	27793
11:50:05	69299	14784	3.009	27793
11:50:06	58636	12484	3.065	27793
11:50:08	53902	13275	3.017	27793
11:50:09	78469	14088	3.065	27793
11:50:10	86830	14626	2.920	27793
11:50:11	97706	15029	2.569	27793
11:50:13	92724	14532	3.160	27793
11:50:14	112973	15922	2.588	27793
11:50:15	107929	16063	3.005	27793
11:50:16	110879	47564	2.659	27793
11:50:17	86297	14209	2.500	27793
11:50:19	98265	29212	2.922	27793
11:50:20	82143	16766	3.349	27793
11:50:21	91478	16901	2.437	27793
11:50:22	98018	28198	2.310	27793
11:50:24	78684	13555	2.853	27793
11:50:25	76123	14128	2.904	27793
11:50:26	91644	27213	2.671	27793
11:50:27	110017	36182	2.737	27793
11:50:29	118717	26834	2.684	27793
11:50:30	89515	28104	2.913	27793
11:50:31	77264	35492	2.506	27793
11:50:32	76692	22355	2.879	27793
11:50:33	69795	21104	2.546	27793
11:50:35	93653	21039	2.725	27793
11:50:36	82518	17733	2.158	27793
11:50:37	96555	15004	2.841	27793
11:50:38	82750	14469	3.175	27793
11:50:39	80823	18065	2.805	27793
11:50:41	84069	15361	2.655	27793
11:50:42	99127	16001	2.837	27793
11:50:43	81335	30857	3.164	27793
11:50:44	71308	13587	2.772	27793
11:50:46	83468	15717	2.776	27793
11:50:47	87966	21550	3.244	27793
11:50:48	69768	14204	2.992	27793
11:50:49	86927	14783	3.076	27793
11:50:51	71505	14637	3.051	27793
11:50:52	85375	14317	3.041	27793
11:50:53	84795	13935	2.747	27793
11:50:54	90696	15714	3.309	27793
11:50:56	81292	14442	2.799	27793
11:50:57	106482	16499	3.205	27793
11:50:58	71215	13746	2.553	27793
11:50:59	68393	14072	2.642	27793
11:51:01	64489	13720	3.037	27793
11:51:02	68228	30541	2.593	27793
11:51:03	52238	13740	3.020	27793
11:51:04	58746	13674	3.375	27793
11:51:06	62555	17516	2.987	27793
11:51:07	72192	16899	3.279	27793
11:51:08	56130	14101	3.421	27793
11:51:09	77544	15235	3.172	27793
11:51:11	77290	14071	2.730	27793
11:51:12	122071	20560	2.219	27793
11:51:14	98028	15628	3.617	27793
11:51:15	76557	13938	3.320	27793
11:51:16	69938	15011	3.274	27793
11:51:17	58351	13642	2.280	27793
11:51:18	46700	13332	2.893	27793
11:51:20	45027	13003	2.730	27793
11:51:21	55364	13211	2.788	27793
11:51:22	50745	13596	2.359	27793
11:51:23	43804	12672	2.929	27793
11:51:25	62684	13834	3.731	27793
11:51:26	51532	12946	2.937	27793
11:51:27	56368	13422	2.824	27793
11:51:28	62405	14021	2.295	27793
11:51:30	55005	13989	3.356	27793
11:51:31	53786	13057	3.045	27793
11:51:32	47978	13446	2.803	27793
11:51:33	66939	15987	2.755	27793
11:51:35	58623	15428	2.951	27793
11:51:36	67622	15796	2.405	27793
11:51:37	62590	13921	3.551	27793
11:51:38	58183	15853	3.162	27793
11:51:40	81434	17193	3.210	27793
11:51:41	64137	15020	2.737	27793
11:51:42	78648	14549	3.731	27793
11:51:43	104638	17105	2.713	27793
11:51:45	95397	18722	2.851	27793
11:51:46	116971	24211	3.079	27793
11:51:47	79327	24464	3.517	27793
11:51:49	62156	24069	2.802	27793
11:51:50	67298	29747	3.150	27793
11:51:51	75754	255506	2.837	27793
11:51:52	64699	395272	2.721	27793
11:51:54	80239	19616	3.206	27793
11:51:55	99446	25048	3.294	27793
11:51:56	69411	73633	2.724	27793
11:51:57	60987	124885	2.855	27793
11:51:58	57385	18341	3.033	27793
11:52:00	60917	71959	2.264	27793
11:52:01	60721	569504	4.060	27793
11:52:02	49722	17718	2.518	27793
11:52:03	43012	22767	2.687	27793
11:52:05	40224	18421	2.854	27793
11:52:06	53497	60664	2.789	27793
11:52:07	40149	13459	2.913	27793
11:52:08	46016	15738	2.601	27793
11:52:09	74991	15488	3.055	27793
11:52:11	62605	16832	2.958	27793
11:52:12	87687	80559	2.857	27793
11:52:13	62072	121279	2.712	27793
11:52:14	57594	18154	2.679	27793
11:52:16	63443	33500	2.841	27793
11:52:17	64477	640237	3.730	27793
11:52:18	61454	48448	3.653	27793
11:52:20	82544	20524	2.904	27793
11:52:21	55625	16630	2.845	27793
11:52:22	57787	13766	3.092	27793
11:52:24	68233	15593	2.873	27793
11:52:25	72411	18533	2.981	27793
11:52:26	73958	53193	2.899	27793
11:52:27	59797	24024	2.605	27793
11:52:29	68459	20599	2.822	27793
11:52:30	70522	26624	2.332	27793
11:52:31	76332	32700	3.018	27793
11:52:32	56283	21456	2.520	27793
11:52:33	63501	62479	2.663	27793
11:52:35	72825	19797	2.218	27793
11:52:36	51157	19848	2.626	27793
11:52:37	73838	15797	3.079	27793
11:52:38	67411	15152	2.936	27793
11:52:39	77029	17453	3.838	27793
11:52:41	83755	24140	4.962	27793
11:52:42	84666	16255	4.278	27793
11:52:43	70984	20006	2.702	27793
11:52:44	60823	15217	2.905	27793
11:52:46	61365	17273	3.023	27793
11:52:47	92374	18345	2.504	27793
11:52:48	82241	15969	3.141	27793
11:52:49	67500	15127	3.548	27793
11:52:51	60014	18303	3.077	27793
11:52:52	67904	76896	2.777	27793
11:52:53	69472	120717	3.475	27793
11:52:54	65352	20442	2.702	27793
11:52:56	59881	636257	2.810	27793
11:52:57	58892	15565	2.627	27793
11:52:58	62921	15106	2.496	27793
11:52:59	59084	14822	3.347	27793
11:53:01	63463	26109	3.174	27793
11:53:02	54470	175237	3.548	27793
11:53:03	56310	15242	3.214	27793
11:53:04	65850	23462	2.192	27793
11:53:06	65546	693876	2.815	27793
11:53:07	40315	14158	3.090	27793
11:53:08	42020	16055	3.092	27793
11:53:09	60095	16440	3.085	27793
11:53:11	54555	14609	3.255	27793
11:53:12	53293	12932	2.925	27793
11:53:13	63031	13850	3.028	27793
11:53:14	65272	13556	2.871	27793
11:53:16	68625	14198	2.979	27793
11:53:17	57173	13212	3.136	27793
11:53:18	56410	13090	2.892	27793
11:53:19	52640	14233	2.487	27793
11:53:20	67824	38221	3.242	27793
11:53:22	66807	36310	2.880	27793
11:53:23	83821	31304	3.279	27793
11:53:24	79437	198960	2.398	27793
11:53:25	62194	17569	2.259	27793
11:53:26	55062	17238	2.865	27793
11:53:28	50158	37813	2.455	27793
11:53:29	43839	16639	4.079	27793
11:53:30	44502	16499	3.117	27793
11:53:31	50419	15712	2.674	27793
11:53:33	45744	13184	2.983	27793
11:53:34	44525	13174	2.372	27793
11:53:35	56144	15616	3.425	27793
11:53:36	63216	37562	2.908	27793
11:53:37	48433	12689	2.883	27793
11:53:39	41548	29033	2.822	27793
11:53:40	56446	15874	2.357	27793
11:53:41	69868	17632	3.275	27793
11:53:43	70065	14817	3.013	27793
11:53:44	66290	15490	2.843	27793
11:53:45	90756	18579	2.839	27793
11:53:47	88041	15807	2.316	27793
11:53:48	91350	15893	3.636	27793
11:53:49	99704	40000	3.043	27793
11:53:50	105655	16873	3.049	27793
11:53:52	96582	17939	3.190	27793
11:53:53	117561	32246	2.910	27793
11:53:54	123752	30990	3.241	27793
11:53:55	126106	31722	2.671	27793
11:53:57	113899	23229	3.426	27793
11:53:58	108400	21050	3.233	27793
11:53:59	111558	19312	3.265	27793
11:54:01	98816	18670	5.867	27793
11:54:02	125947	23622	3.105	27793
11:54:03	90213	18330	2.564	27793
11:54:05	74364	17086	3.743	27793
11:54:06	83918	16205	2.817	27793
11:54:07	85690	42873	2.845	27793
11:54:08	83120	15904	2.734	27793
11:54:10	101449	16255	2.684	27793
11:54:11	109858	16189	2.848	27793
11:54:12	93408	17856	3.452	27793
11:54:13	96702	15901	2.955	27793
11:54:15	97270	15248	3.215	27793
11:54:16	80813	13786	2.660	27793
11:54:17	75804	14469	2.814	27793
11:54:18	67677	13550	2.788	27793
11:54:20	68864	13935	4.092	27793
11:54:21	66293	13379	2.636	27793
11:54:22	70034	13392	2.985	27793
11:54:23	75724	14436	2.893	27793
11:54:25	97085	15167	2.842	27793
11:54:26	91039	15992	3.323	27793
11:54:27	99145	27307	2.765	27793
11:54:28	92894	23279	2.907	27793
11:54:30	76680	21394	2.832	27793
11:54:31	82706	25692	2.809	27793
11:54:32	86639	23298	3.267	27793
11:54:33	82313	24521	2.300	27793
11:54:35	83237	23182	2.853	27793
11:54:36	82195	21968	3.380	27793
11:54:37	71279	18789	2.779	27793
11:54:39	57663	13646	3.191	27793
11:54:40	74003	17098	3.071	27793
11:54:41	100476	17549	2.991	27793
11:54:43	90298	15021	2.663	27793
11:54:44	88144	18858	3.561	27793
11:54:45	69149	14869	3.490	27793
11:54:46	85775	14848	2.816	27793
11:54:47	76554	13890	2.662	27793
11:54:49	80454	13979	3.524	27793
11:54:50	76683	13555	2.549	27793
11:54:51	94085	13735	3.386	27793
11:54:52	110935	22710	2.902	27793
11:54:54	101109	20939	3.146	27793
11:54:55	91964	14206	2.504	27793
11:54:56	87096	20257	2.897	27793
11:54:57	107354	16078	2.972	27793
11:54:59	106601	20117	2.671	27793
11:55:00	79145	22385	3.355	27793
11:55:01	72840	13543	2.864	27793
11:55:02	74029	13652	2.923	27793
11:55:04	77666	13817	2.374	27793
11:55:05	66612	13737	2.805	27793
11:55:06	54394	13400	2.996	27793
11:55:07	56412	13203	2.877	27793
11:55:09	63723	20643	2.628	27793
11:55:10	100112	15616	3.269	27793
11:55:11	82671	14230	2.807	27793
11:55:12	91708	14729	3.227	27793
11:55:14	87611	14628	3.168	27793
11:55:15	81675	15015	2.525	27793
11:55:16	77001	14504	2.823	27793
11:55:17	78561	13784	3.040	27793
11:55:19	60857	13218	3.496	27793
11:55:20	67305	13951	2.709	27793
11:55:21	75693	20905	3.425	27793
11:55:22	76867	20120	2.929	27793
11:55:24	80442	13660	2.974	27793
11:55:25	74550	14026	2.448	27793
11:55:26	84672	23356	3.179	27793
11:55:27	91936	646218	2.747	27793
11:55:29	69409	13534	3.496	27793
11:55:30	62369	14037	3.252	27793
11:55:31	54933	15964	2.869	27793
11:55:32	73047	176214	2.735	27793
11:55:34	69046	13861	4.290	27793
11:55:35	91057	287124	4.468	27793
11:55:36	64846	376208	3.634	27793
11:55:37	48777	13823	3.416	27793
11:55:39	43146	25311	2.420	27793
11:55:40	79770	80580	2.668	27793
11:55:41	91382	174416	2.557	27793
11:55:42	76078	14868	2.810	27793
11:55:44	102102	24864	3.328	27793
11:55:45	81305	556960	2.691	27793
11:55:46	82972	89066	3.510	27793
11:55:47	69319	17743	3.226	27793
11:55:48	62855	15533	3.092	27793
11:55:50	57238	14720	2.896	27793
11:55:51	83663	21316	2.965	27793
11:55:52	94967	24910	2.784	27793
11:55:53	102529	329504	3.088	27793
11:55:54	86600	330360	3.505	27793
11:55:56	84756	26982	2.846	27793
11:55:57	98129	94818	2.793	27793
11:55:58	88450	120398	3.026	27793
11:55:59	76604	525941	2.451	27793
11:56:01	65508	16820	2.182	27793
11:56:02	70233	14329	2.671	27793
11:56:03	78393	14996	3.209	27793
11:56:04	82506	17666	2.458	27793
11:56:05	71576	15245	3.082	27793
11:56:07	67757	17696	2.964	27793
11:56:08	75172	17960	2.743	27793
11:56:09	92921	19776	3.650	27793
11:56:10	96755	17183	3.057	27793
11:56:11	83913	17061	3.081	27793
11:56:13	89362	22420	3.046	27793
11:56:14	79027	18005	3.154	27793
11:56:15	121958	33687	2.681	27793
11:56:17	116983	177407	3.237	27793
11:56:18	125430	24838	2.958	27793
11:56:19	99370	21229	3.711	27793
11:56:21	101251	19630	2.951	27793
11:56:22	118636	21522	3.964	27793
11:56:23	109645	17008	2.810	27793
11:56:25	115853	18102	2.908	27793
11:56:26	104363	51534	2.349	27793
11:56:27	109267	28450	3.070	27793
11:56:28	100636	43346	2.373	27793
11:56:29	86661	39957	2.782	27793
11:56:31	97436	25240	3.194	27793
11:56:32	101416	35196	3.144	27793
11:56:33	98060	39841	2.932	27793
11:56:34	95878	31590	3.386	27793
11:56:36	81435	22460	3.568	27793
11:56:37	91838	29747	2.748	27793
11:56:38	87178	172867	3.356	27793
11:56:39	109252	479568	2.768	27793
11:56:41	91946	37646	2.682	27793
11:56:42	119059	17121	3.387	27793
11:56:43	105004	18622	3.161	27793
11:56:44	118946	23297	3.280	27793
11:56:45	114424	17488	3.066	27793
11:56:47	112879	17893	3.639	27793
11:56:48	114779	17345	3.158	27793
11:56:49	99282	15761	3.021	27793
11:56:50	76957	14579	3.144	27793
11:56:51	81030	25460	2.651	27793
11:56:53	79135	18363	3.276	27793
11:56:54	103411	60852	3.245	27793
11:56:55	102165	155431	3.492	27793
11:56:56	45907	24033	2.861	27793
11:56:57	109386	17815	3.575	27793
11:56:59	116000	16399	2.827	27793
11:57:00	116644	16554	2.825	27793
11:57:01	65571	13781	3.745	27793
11:57:02	33410	11469	2.795	27793
11:57:04	32718	12249	2.874	27793
11:57:05	36740	12382	2.767	27793
11:57:06	9163	4957	4.388	27793
11:57:08	723	316	2.969	27793
11:57:09	3289	18718	3.643	27793
11:57:10	1037	655	2.681	27793
11:57:11	3890	28125	3.259	27793
11:57:12	574	260	10.085	27793
11:57:14	852	260	9.822	27793
11:57:15	508	206	9.802	27793
11:57:16	1629	894	9.464	27793
11:57:17	14741	15312	3.083	27793
11:57:18	91897	53732	2.935	27793
11:57:19	159000	116214	2.699	27793
11:57:20	27958	23023	2.476	27793
11:57:21	6686	4128	4.175	27793
11:57:23	650	494	3.437	27793
11:57:24	2250	1256	3.924	27793
11:57:25	590	392	3.539	27793
11:57:26	941	773	3.439	27793
11:57:28	852	391	3.156	27793
11:57:29	986	589	3.323	27793
11:57:30	465	445	10.111	27793
11:57:31	465	445	3.381	27793
11:57:33	230	325	3.735	27793
11:57:34	1213	774	9.852	27793
11:57:35	633	629	5.151	27793
11:57:36	332	218	10.008	27793
11:57:37	164	206	3.767	27793
11:57:39	399	391	93.178	27793
11:57:40	230	152	3.460	27793
11:57:41	262	250	3.220	27793
11:57:42	324	218	3.224	27793
11:57:44	1431	786	9.968	27793
11:57:45	164	308	3.526	27793
11:57:46	530	404	9.594	27793
11:57:48	164	152	9.685	27793
11:57:49	1767	1216	2.955	27793
11:57:50	4567	4036	2.791	27793
11:57:51	36144	14477	2.803	27793
11:57:53	854	722	9.044	27793
11:57:54	6591	4925	3.369	27793
11:57:55	5753	4549	3.360	27793
11:57:56	4714	3768	3.449	27793
11:57:57	7266	18107	3.482	27793
11:57:59	230	812	3.049	27793
11:58:00	5093	9495	3.043	27793
11:58:01	670	2801	9.409	27793
11:58:02	362	368	3.077	27793
11:58:03	296	206	2.844	27793
11:58:05	2511	10518	3.223	27793
11:58:06	2619	1542	3.611	27793
11:58:07	494	314	2.640	27793
11:58:08	230	206	9.992	27793
11:58:10	164	152	9.669	27793
11:58:11	1498	840	3.024	27793
11:58:12	1081	6852	9.769	27793
11:58:13	164	9756	3.514	27793
11:58:15	650	272	10.077	27793
11:58:16	560	864	3.365	27793
11:58:17	1538	632	9.663	27793
11:58:18	298	152	3.273	27793
11:58:20	230	206	3.518	27793
11:58:21	4807	4027	3.472	27793
11:58:22	1695	1073	3.253	27793
11:58:23	164	152	9.902	27793
11:58:25	1303	7069	3.139	27793
11:58:26	320	260	3.405	27793
11:58:27	1759	9760	3.482	27793
11:58:28	2180	1369	3.399	27793
11:58:29	608	614	9.973	27793
11:58:31	998	980	9.558	27793
11:58:32	1052	1568	2.533	27793
11:58:33	2388	1498	3.217	27793
11:58:34	1438	1528	9.009	27793
11:58:35	542	458	3.416	27793
11:58:36	806	722	3.519	27793
11:58:38	608	668	3.229	27793
11:58:39	230	152	3.417	27793
11:58:40	98	98	3.986	27793
11:58:41	10159	9080	8.441	27793
11:58:42	9234	5253	3.656	27793
11:58:43	16880	302750	3.243	27793
11:58:45	7760	346426	3.138	27793
11:58:46	4780	668	3.367	27793
11:58:47	1388	716	2.956	27793
11:58:48	10019	163900	3.433	27793
11:58:49	2289	1668	4.184	27793
11:58:51	11100	251025	2.803	27793
11:58:52	11720	375441	3.383	27793
11:58:53	4541	824	2.830	27793
11:58:54	5153	5937	3.363	27793
11:58:55	15075	167050	2.692	27793
11:58:56	452	314	9.653	27793
11:58:58	16887	55290	3.011	27793
11:58:59	16003	559952	3.088	27793
11:59:00	5932	63510	9.780	27793
11:59:01	3914	350	2.754	27793
11:59:02	1059	704	2.977	27793
11:59:04	341	218	3.892	27793
11:59:05	2235	362	3.404	27793
11:59:06	2844	6286	9.530	27793
11:59:07	14018	13829	2.747	27793
11:59:08	4052	157564	6.628	27793
11:59:10	3281	2149	142.521	27793
11:59:11	11149	10737	2.688	27793
11:59:12	11800	665199	3.398	27793
11:59:13	579	218	3.447	27793
11:59:14	4200	362	3.332	27793
11:59:16	813	638	3.326	27793
11:59:17	230	272	3.133	27793
11:59:18	3785	4159	4.227	27793
11:59:19	9602	9758	26.686	27793
11:59:20	1532	884	3.119	27793
11:59:21	827	663	2.531	27793
11:59:22	3978	548	9.441	27793
11:59:23	575	284	3.570	27793
11:59:25	9575	7164	2.340	27793
11:59:26	15216	15940	3.201	27793
11:59:27	51289	63571	2.891	27793
11:59:28	2553	16972	2.833	27793
11:59:29	1445	18613	49.124	27793
11:59:30	1932	428	9.551	27793
11:59:31	2599	17563	2.643	27793
11:59:32	18521	15655	2.638	27793
11:59:34	2504	160262	10.093	27793
11:59:35	3093	1491	2.777	27793
11:59:36	16150	29333	3.118	27793
11:59:37	10412	619739	3.393	27793
11:59:38	786	218	11.868	27793
11:59:39	4918	1010	9.435	27793
11:59:40	2782	1304	3.259	27793
11:59:41	624	218	9.303	27793
11:59:42	823	284	3.949	27793
11:59:43	1746	16183	5.463	27793
11:59:44	1184	284	3.084	27793
11:59:46	884	284	3.225	27793
11:59:47	1357	27386	5.044	27793
11:59:48	2518	983	2.829	27793
11:59:49	376	152	256.071	27793
11:59:50	1198	386	9.798	27793
11:59:51	572	218	11.159	27793
11:59:52	800	284	3.149	27793
11:59:53	6159	4521	4.056	27793
11:59:55	1007	851	2.895	27793
11:59:56	9900	7532	2.348	27793
11:59:57	11843	26243	3.355	27793
11:59:58	8990	16424	2.615	27793
11:59:59	13092	11473	3.132	27793
12:00:00	11374	165351	9.632	27793
12:00:01	2220	1592	3.064	27793
12:00:02	4260	19525	9.618	27793
12:00:03	626	686	2.725	27793
12:00:04	676	260	9.525	27793
12:00:05	442	152	9.771	27793
12:00:06	164	152	2.814	27793
12:00:08	442	152	2.786	27793
12:00:09	2428	1157	3.291	27793
12:00:10	376	98	9.636	27793
12:00:11	9495	8987	3.926	27793
12:00:12	1977	1374	11.142	27793
12:00:13	5461	17161	88.817	27793
12:00:14	2170	31920	9.704	27793
12:00:15	164	152	9.428	27793
12:00:16	1254	614	2.981	27793
12:00:18	98	98	20.173	27793
12:00:19	164	152	6.153	27793
12:00:20	1778	1558	4.319	27793
12:00:21	164	152	8.971	27793
12:00:22	164	272	60.684	27793
12:00:23	508	152	9.620	27793
12:00:24	164	403	3.210	27793
12:00:25	1431	534	2.420	27793
12:00:26	262	250	2.996	27793
12:00:27	164	152	9.534	27793
12:00:29	164	152	9.355	27793
12:00:30	809	720	4.966	27793
12:00:31	786	218	9.125	27793
12:00:32	442	152	9.860	27793
12:00:33	442	152	2.947	27793
12:00:34	442	152	2.883	27793
12:00:35	430	164	9.685	27793
12:00:36	442	152	9.531	27793
12:00:37	164	152	9.823	27793
12:00:38	720	152	3.092	27793
12:00:39	376	98	9.368	27793
12:00:40	1709	784	9.376	27793
12:00:42	3763	6025	2.861	27793
12:00:43	6753	4151	10.143	27793
12:00:44	15670	10467	2.792	27793
12:00:45	12510	622102	2.964	27793
12:00:46	720	152	10.053	27793
12:00:47	8818	1208	2.972	27793
12:00:48	7577	836	3.173	27793
12:00:49	9145	167555	2.882	27793
12:00:50	428	374	9.168	27793
12:00:51	9902	130144	2.493	27793
12:00:53	7840	497558	3.224	27793
12:00:54	164	152	9.862	27793
12:00:55	4473	1010	3.557	27793
12:00:56	3622	1908	3.054	27793
12:00:57	2194	1873	2.604	27793
12:00:58	4574	38080	2.673	27793
12:00:59	2809	1418	2.752	27793
12:01:00	3009	1406	3.016	27793
12:01:01	4040	1972	2.721	27793
12:01:02	2496	1406	2.544	27793
12:01:04	2672	1010	4.849	27793
12:01:05	13153	32743	2.756	27793
12:01:06	9233	187056	9.393	27793
12:01:07	1709	786	14.345	27793
12:01:08	14357	32221	2.976	27793
12:01:09	19029	628399	3.277	27793
12:01:10	230	152	10.100	27793
12:01:11	3042	218	2.509	27793
12:01:12	3368	21951	3.607	27793
12:01:13	3077	1105	3.305	27793
12:01:15	398	218	9.097	27793
12:01:16	1179	1519	2.590	27793
12:01:17	16903	64456	3.264	27793
12:01:18	3477	112124	3.273	27793
12:01:19	3620	61812	3.058	27793
12:01:20	12957	29689	2.577	27793
12:01:21	8111	125279	2.661	27793
12:01:22	4982	365215	2.553	27793
12:01:23	3698	132887	3.118	27793
12:01:24	3235	572	2.883	27793
12:01:25	702	362	2.991	27793
12:01:27	981	535	3.529	27793
12:01:28	1529	884	4.018	27793
12:01:29	57678	30235	3.148	27793
12:01:30	180726	30721	2.951	27793
12:01:31	2210	284	10.096	27793
12:01:32	335	164	10.023	27793
12:01:33	25337	39803	2.175	27793
12:01:34	102799	77594	2.748	27793
12:01:36	74710	990726	1.994	27793
12:01:37	106680	68857	2.654	27793
12:01:38	33602	278364	2.915	27793
12:01:39	32086	525609	4.591	27793
12:01:40	26712	346893	2.653	27793
12:01:41	29307	1064519	2.982	27793
12:01:42	10815	60684	3.507	27793
12:01:43	19622	460063	3.223	27793
12:01:44	19750	271867	2.852	27793
12:01:45	48451	553183	2.939	27793
12:01:46	41653	527851	3.123	27793
12:01:48	18661	242975	3.216	27793
12:01:49	66801	353862	2.205	27793
12:01:50	620901	351539	2.537	27793
12:01:51	47382	77318	3.177	27793
12:01:52	3099	638	3.305	27793
12:01:53	2742	1363	3.022	27793
12:01:54	40034	4949	2.764	27793
12:01:55	218531	11415	3.030	27793
12:01:56	505287	16613	2.898	27793
12:01:57	166583	2939	2.671	27793
12:01:58	23536	78822	2.840	27793
12:01:59	5298	2377	3.277	27793
12:02:01	5691	7396	2.494	27793
12:02:02	15002	173479	3.168	27793
12:02:03	1286	152	3.148	27793
12:02:04	4608	1325	3.093	27793
12:02:05	761	572	3.191	27793
12:02:06	2428	25614	3.218	27793
12:02:07	164	98	9.482	27793
12:02:08	442	152	9.433	27793
12:02:09	809	468	9.049	27793
12:02:10	5485	5403	2.692	27793
12:02:11	19671	634648	3.105	27793
12:02:13	1022	152	9.299	27793
12:02:14	4575	1118	3.552	27793
12:02:15	13101	11535	2.494	27793
12:02:16	10815	200615	3.071	27793
12:02:17	164	152	9.265	27793
12:02:18	3852	2671	3.340	27793
12:02:21	794	848	-	27793
12:02:22	2325	2951	2.654	27793
12:02:23	296	260	2.352	27793
12:02:24	11083	10521	2.917	27793
12:02:25	15108	629759	2.876	27793
12:02:26	4058	600	2.659	27793
12:02:27	2002	680	3.231	27793
12:02:29	3774	4144	3.090	27793
12:02:30	2329	2614	2.915	27793
12:02:31	12922	12713	3.319	27793
12:02:32	12437	7224	2.480	27793
12:02:33	18167	669309	3.059	27793
12:02:34	3517	416	2.961	27793
12:02:35	3190	2379	2.166	27793
12:02:36	2296	1484	3.316	27793
12:02:37	4710	56830	2.584	27793
12:02:38	3078	1604	2.739	27793
12:02:39	3424	28531	3.197	27793
12:02:40	3007	2091	2.787	27793
12:02:42	3714	2694	2.766	27793
12:02:43	3105	1460	2.887	27793
12:02:44	3179	28849	2.592	27793
12:02:45	3415	1484	2.954	27793
12:02:46	3315	2321	3.370	27793
12:02:47	3435	1380	3.081	27793
12:02:48	8022	9182	2.588	27793
12:02:49	35152	143410	4.392	27793
12:02:50	2540	48539	4.043	27793
12:02:51	4254	4889	2.951	27793
12:02:53	4250	29577	9.776	27793
12:02:54	464	506	44.081	27793
12:02:55	970	1545	3.397	27793
12:02:56	164	152	9.658	27793
12:02:57	1173	15509	8.977	27793
12:02:58	4086	5510	10.639	27793
12:02:59	33726	659626	2.984	27793
12:03:00	22636	7010	8.840	27793
12:03:01	63487	38925	2.764	27793
12:03:03	20199	13385	2.973	27793
12:03:04	99806	11285	3.517	27793
12:03:05	55915	32159	2.337	27793
12:03:06	18820	11411	2.666	27793
12:03:07	27446	61163	2.986	27793
12:03:08	23893	297978	3.208	27793
12:03:09	66248	351144	2.755	27793
12:03:10	166487	15064	3.433	27793
12:03:11	123665	47236	3.850	27793
12:03:12	99965	27881	3.205	27793
12:03:13	29417	20874	2.905	27793
12:03:15	65454	650435	2.512	27793
12:03:16	32790	20509	3.076	27793
12:03:17	114526	47535	3.121	27793
12:03:18	1509004	63945	2.767	27793
12:03:19	834526	22915	3.484	27793
12:03:20	523778	30882	3.249	27793
12:03:21	6039	2173	3.167	27793
12:03:22	222558	76097	2.591	27793
12:03:23	60400	158701	3.575	27793
12:03:24	21138	31639	2.479	27793
12:03:25	14814	12719	2.719	27793
12:03:27	134847	9725	3.371	27793
12:03:28	2992	3021	2.819	27793
12:03:29	1446	3080	3.300	27793
12:03:30	19135	13061	3.221	27793
12:03:31	123727	14873	2.795	27793
12:03:32	111854	4656	3.379	27793
12:03:33	135185	26757	2.637	27793
12:03:34	163992	10710	2.147	27793
12:03:35	103246	6561	9.977	27793
12:03:36	9062	8906	3.454	27793
12:03:38	12071	8679	3.461	27793
12:03:39	18345	1923	2.807	27793
12:03:40	30603	19510	2.190	27793
12:03:41	20413	178810	2.725	27793
12:03:42	15039	8376	2.804	27793
12:03:43	15547	12369	3.252	27793
12:03:44	638276	13847	2.839	27793
12:03:45	10036434	43327	2.400	27793
12:03:46	7954554	39348	3.093	27793
12:03:47	4909717	28327	3.443	27793
12:03:48	1770	560	2.809	27793
12:03:50	1563	2709	3.738	27793
12:03:51	655	673	2.981	27793
12:03:52	6741	157947	2.916	27793
12:03:53	10774	8701	2.906	27793
12:03:54	4624	24719	3.487	27793
12:03:55	3449	2258	3.336	27793
12:03:56	971	218	9.684	27793
12:03:57	2070	11651	2.938	27793
12:03:58	488	506	9.907	27793
12:04:00	164	230	2.781	27793
12:04:01	13883	8373	2.978	27793
12:04:02	1586	1274	2.994	27793
12:04:03	230	206	9.366	27793
12:04:04	38598	9910	9.830	27793
12:04:05	467	380	3.523	27793
12:04:06	196	196	3.276	27793
12:04:07	875	903	9.364	27793
12:04:09	296	260	9.758	27793
12:04:10	2196	24057	2.724	27793
12:04:11	164	152	2.953	27793
12:04:12	1147	12025	9.459	27793
12:04:13	1009	903	9.904	27793
12:04:14	283	218	3.351	27793
12:04:15	164	152	3.105	27793
12:04:16	2675	13075	3.250	27793
12:04:17	1274	1881	3.305	27793
12:04:18	2267	2121	3.358	27793
12:04:20	230	206	2.720	27793
12:04:21	164	98	9.344	27793
12:04:22	1497	840	9.627	27793
12:04:23	973	816	3.221	27793
12:04:24	2119	1287	9.327	27793
12:04:25	11715	276775	2.880	27793
12:04:26	3899	37727	10.177	27793
12:04:27	283	218	10.417	27793
12:04:28	164	152	9.556	27793
12:04:29	9438	9574	3.418	27793
12:04:31	8788	5038	4.186	27793
12:04:32	13319	118714	3.523	27793
12:04:33	17794	523082	2.795	27793
12:04:34	12837	110979	3.562	27793
12:04:35	15397	554997	3.309	27793
12:04:36	3556	4108	2.464	27793
12:04:37	3795	12842	3.171	27793
12:04:38	1297	1832	9.062	27793
12:04:39	2586	49640	2.522	27793
12:04:40	4569	1911	2.941	27793
12:04:41	2357	4038	10.580	27793
12:04:43	9720	130879	3.057	27793
12:04:44	2029	284	3.233	27793
12:04:45	98	206	2.871	27793
12:04:46	2400	49436	9.461	27793
12:04:47	164	152	9.357	27793
12:04:48	1502	839	9.600	27793
12:04:49	230	206	9.667	27793
12:04:50	494	2245	3.243	27793
12:04:51	4478	1638	9.590	27793
12:04:52	164	152	2.952	27793
12:04:53	1566	893	3.108	27793
12:04:55	11047	251942	2.607	27793
12:04:56	11665	43097	2.698	27793
12:04:57	1772	2018	9.980	27793
12:04:58	2295	43835	9.718	27793
12:04:59	1854	1140	9.796	27793
12:05:00	24087	13341	3.249	27793
12:05:01	604	2195	9.567	27793
12:05:02	230	206	9.351	27793
12:05:03	17454	8237	3.266	27793
12:05:04	53540	15512	2.502	27793
12:05:06	161095	5524	3.312	27793
12:05:07	32638	20081	6.801	27793
12:05:08	682	480	10.093	27793
12:05:09	885	27359	2.807	27793
12:05:10	37522	53377	2.920	27793
12:05:11	11173	46492	2.659	27793
12:05:12	39982	14450	3.310	27793
12:05:13	16335	7210	2.726	27793
12:05:14	35678	24927	3.073	27793
12:05:15	3066	847	7.788	27793
12:05:16	1899	6539	2.556	27793
12:05:18	905	218	9.944	27793
12:05:19	10575	6127	2.844	27793
12:05:20	7720	5212	3.692	27793
12:05:21	22848	5330	3.309	27793
12:05:22	28128	21456	2.713	27793
12:05:23	79647	36796	3.233	27793
12:05:24	24081	37410	3.049	27793
12:05:25	161987	48202	2.858	27793
12:05:26	115218	6639	3.282	27793
12:05:27	1601	1021	10.836	27793
12:05:29	164	152	9.760	27793
12:05:30	164	152	9.997	27793
12:05:31	899	917	3.756	27793
12:05:32	164	152	10.929	27793
12:05:33	1620	3334	3.225	27793
12:05:34	19777	477755	2.793	27793
12:05:35	17651	177071	2.892	27793
12:05:36	230	206	10.661	27793
12:05:37	402	296	9.405	27793
12:05:38	4244	296	10.063	27793
12:05:39	1143	6378	9.990	27793
12:05:41	409	272	9.779	27793
12:05:42	310	242	9.865	27793
12:05:43	262	250	3.157	27793
12:05:44	3299	680	9.610	27793
12:05:45	2187	4345	2.990	27793
12:05:46	17769	62056	2.976	27793
12:05:47	3002	115706	9.364	27793
12:05:48	164	152	9.702	27793
12:05:49	11035	32322	2.488	27793
12:05:50	3928	4128	3.277	27793
12:05:51	10417	6978	3.504	27793
